id,name
0,w_0003639
1,w_0003c59
2,w_0027efa
3,w_00289b1
4,w_002c810
5,w_0032a46
6,w_003bae6
7,w_00656c0
8,w_0066399
9,w_007fefa
10,w_00904a7
11,w_009c9c5
12,w_00a41ba
13,w_00b3dc2
14,w_00d50c9
15,w_00d5466
16,w_00d5e98
17,w_00f340d
18,w_010f858
19,w_0115c24
20,w_0118bab
21,w_012678c
22,w_0135f5f
23,w_0140c92
24,w_015a4bf
25,w_016f0ea
26,w_0182687
27,w_0189b6d
28,w_01976db
29,w_01a1d88
30,w_01cb0c4
31,w_01cbbbd
32,w_01d790e
33,w_01e1b97
34,w_01e1fe0
35,w_01ed442
36,w_01f14e1
37,w_01fc429
38,w_02156b0
39,w_022b708
40,w_022d2f5
41,w_02469a1
42,w_02545ea
43,w_025911c
44,w_0277a07
45,w_027f528
46,w_0292e15
47,w_02aa597
48,w_02c7e9d
49,w_02d138d
50,w_02d5c46
51,w_02e8199
52,w_02ff6d6
53,w_0301302
54,w_030ac9b
55,w_030c8b0
56,w_030e2cf
57,w_03193e5
58,w_031e1a3
59,w_0323574
60,w_03270e3
61,w_0350bf4
62,w_03670aa
63,w_0369a5c
64,w_036bc54
65,w_036dbd0
66,w_037b23f
67,w_038dfc0
68,w_038e5c3
69,w_03a82c1
70,w_03ad89c
71,w_03e3e5e
72,w_03ea6f9
73,w_04003e9
74,w_042b547
75,w_0470377
76,w_04713fd
77,w_04738c8
78,w_048bc73
79,w_049ae2e
80,w_04acf95
81,w_04c9b23
82,w_04d1c8c
83,w_04d4568
84,w_04de239
85,w_04ebfe8
86,w_04f5a19
87,w_04f5f55
88,w_05081a8
89,w_0513962
90,w_051764c
91,w_0531ad5
92,w_0532483
93,w_054162a
94,w_05669fe
95,w_056710d
96,w_056913a
97,w_0577ccc
98,w_059d9e0
99,w_05b4b0c
100,w_05bf34e
101,w_05cc23c
102,w_05d52d0
103,w_05d65b9
104,w_05eb863
105,w_05f8c99
106,w_05fbf14
107,w_060ec6d
108,w_06150e1
109,w_06292cd
110,w_0630c3e
111,w_06313c8
112,w_063282e
113,w_0637181
114,w_06376db
115,w_06460d7
116,w_06471d5
117,w_0655608
118,w_0655a0d
119,w_065ee1b
120,w_06619ff
121,w_066ac1a
122,w_066ddc5
123,w_068baa8
124,w_06935ed
125,w_069c25b
126,w_06a10b4
127,w_06d2e72
128,w_06de0a6
129,w_06e4776
130,w_06e6d5f
131,w_06ec6e6
132,w_06f3291
133,w_06fb64a
134,w_06ffb30
135,w_070036a
136,w_07019f4
137,w_07125ed
138,w_0714a46
139,w_0717f05
140,w_0718183
141,w_072179d
142,w_0729126
143,w_072f593
144,w_0741282
145,w_074530d
146,w_0745b0e
147,w_0749e87
148,w_074a5ba
149,w_076bb5a
150,w_07768b0
151,w_0788c36
152,w_07c946d
153,w_07cb113
154,w_07cc9c2
155,w_07d4b0a
156,w_07e0c3c
157,w_08010cc
158,w_0815d2c
159,w_0823d50
160,w_082978e
161,w_082f603
162,w_0833a92
163,w_08630fd
164,w_086f404
165,w_08753b7
166,w_0886321
167,w_0887d9b
168,w_0888e56
169,w_088cda7
170,w_08b0eac
171,w_08c7d09
172,w_08d439c
173,w_08d5864
174,w_08d62ee
175,w_08eadf6
176,w_090c08a
177,w_090c801
178,w_091ec23
179,w_0926777
180,w_092d942
181,w_093d284
182,w_093ea58
183,w_095e3eb
184,w_099bcbc
185,w_09bd7e8
186,w_09c59c2
187,w_09c737d
188,w_09c8a69
189,w_09de1a5
190,w_09e51f8
191,w_0a0b4c6
192,w_0a0c768
193,w_0a155b9
194,w_0a1fcd6
195,w_0a2e1ef
196,w_0a31a3a
197,w_0a3255c
198,w_0a357b7
199,w_0a4f5c9
200,w_0a619af
201,w_0a6c4c7
202,w_0a6e626
203,w_0a7a37c
204,w_0a84ac5
205,w_0a87ea4
206,w_0a8a451
207,w_0a8d318
208,w_0a8e080
209,w_0abdaf4
210,w_0abe9e7
211,w_0ac10f3
212,w_0ac1b5f
213,w_0ad0f5b
214,w_0ad1734
215,w_0adb403
216,w_0aea542
217,w_0aed03f
218,w_0af3867
219,w_0b0168a
220,w_0b10e7c
221,w_0b1e4a6
222,w_0b356c2
223,w_0b398b2
224,w_0b3e0e6
225,w_0b4f7cf
226,w_0b7ce1e
227,w_0b995e5
228,w_0b9cab4
229,w_0baf946
230,w_0bb71d3
231,w_0bb9927
232,w_0bbc3cb
233,w_0bc078c
234,w_0bc1de9
235,w_0bd2e46
236,w_0bd39c1
237,w_0bdb7a5
238,w_0bdc5d5
239,w_0bf90d9
240,w_0bfc890
241,w_0bfdcca
242,w_0c23936
243,w_0c59853
244,w_0c5f019
245,w_0c69117
246,w_0c76541
247,w_0c76e03
248,w_0c7ab0d
249,w_0c80c53
250,w_0ca546b
251,w_0cadbdc
252,w_0cbf1b3
253,w_0cc0430
254,w_0cdca97
255,w_0ce0555
256,w_0ce537a
257,w_0cfae04
258,w_0cfdaa5
259,w_0d052c1
260,w_0d11fa9
261,w_0d145d4
262,w_0d1b964
263,w_0d43823
264,w_0d4a14b
265,w_0d54c55
266,w_0d5a672
267,w_0d5fa2c
268,w_0d61101
269,w_0d77f32
270,w_0d7b050
271,w_0d93517
272,w_0d98e43
273,w_0d9ddce
274,w_0da34d3
275,w_0da9a8f
276,w_0db234e
277,w_0db2e26
278,w_0dc84fd
279,w_0dd4a5d
280,w_0df7caf
281,w_0dfb4f6
282,w_0dfc1eb
283,w_0e0b65c
284,w_0e0f074
285,w_0e1eccb
286,w_0e26d1a
287,w_0e2a5bd
288,w_0e2b483
289,w_0e325b0
290,w_0e34e76
291,w_0e35358
292,w_0e4b65e
293,w_0e7aae1
294,w_0e7ec27
295,w_0e8341d
296,w_0e93f25
297,w_0e9f07a
298,w_0ea7436
299,w_0eab54f
300,w_0ecda0a
301,w_0ee1b0f
302,w_0ee7878
303,w_0ee9ae5
304,w_0ef790d
305,w_0f00df0
306,w_0f031ca
307,w_0f03c44
308,w_0f0f15c
309,w_0f1cf57
310,w_0f25e3c
311,w_0f25e6b
312,w_0f466a5
313,w_0f4d4ac
314,w_0f5666b
315,w_0f56fb2
316,w_0f5d895
317,w_0f73f48
318,w_0f84e7c
319,w_0f86e70
320,w_0f8ab07
321,w_0f8b8e2
322,w_0fb38fe
323,w_0fc3e41
324,w_0fdde23
325,w_0fdf741
326,w_0fe07b7
327,w_0fe6fbb
328,w_0fedd59
329,w_0fefc62
330,w_0ffa15f
331,w_1006b9c
332,w_101990d
333,w_102821e
334,w_1029215
335,w_102e715
336,w_1032bb6
337,w_1032fa3
338,w_103aca2
339,w_104d305
340,w_105b860
341,w_107b98e
342,w_1082fdc
343,w_1083a05
344,w_10a4e10
345,w_10b4603
346,w_10bb1ba
347,w_10d9667
348,w_10eece8
349,w_10f3b75
350,w_10f4afc
351,w_10f67bb
352,w_1104cca
353,w_1106cbb
354,w_112d2f8
355,w_1133530
356,w_114a297
357,w_115e880
358,w_1167daf
359,w_118a4a4
360,w_118fad5
361,w_119f570
362,w_11ac036
363,w_11bd416
364,w_11ce746
365,w_11d8c70
366,w_11e75bf
367,w_11e90bc
368,w_11ec829
369,w_11ff425
370,w_1217536
371,w_1220336
372,w_122e247
373,w_122eec1
374,w_1247b8c
375,w_124a3cb
376,w_1257748
377,w_1260eb5
378,w_1275240
379,w_1286f9e
380,w_1289b63
381,w_12aae3e
382,w_12b56df
383,w_12cc52d
384,w_12ce4f8
385,w_12e7c23
386,w_12e8dc7
387,w_12fdac7
388,w_12fe3a8
389,w_13250ab
390,w_1344da3
391,w_13937e4
392,w_139d19a
393,w_13a7d9a
394,w_13aa123
395,w_13ae3d4
396,w_13b343c
397,w_13c1b55
398,w_13c715a
399,w_13c8177
400,w_13c9277
401,w_13c9a17
402,w_13ca7e8
403,w_13d4fd0
404,w_13e8097
405,w_13edc47
406,w_13ffdcf
407,w_1403973
408,w_140a9ac
409,w_1417bc8
410,w_1419d90
411,w_141a880
412,w_1423c1f
413,w_14330a0
414,w_143ea92
415,w_14461a7
416,w_144ecb6
417,w_1457f13
418,w_146208a
419,w_1472271
420,w_1483be2
421,w_148921b
422,w_14a74dd
423,w_14b1427
424,w_14bfbe2
425,w_14e1334
426,w_14e5fe2
427,w_14ece76
428,w_14f15a0
429,w_150a6f5
430,w_1531bf5
431,w_1554173
432,w_1574bd1
433,w_1579152
434,w_15805cd
435,w_15951db
436,w_15a9ec1
437,w_15b3f09
438,w_15b5df2
439,w_15b5eb1
440,w_15bf3e3
441,w_15bf4be
442,w_15d12c7
443,w_15e3099
444,w_15e7de5
445,w_15f43ea
446,w_15fb899
447,w_1632c45
448,w_16362a6
449,w_163b2b8
450,w_1647882
451,w_1650208
452,w_1666216
453,w_167a348
454,w_1684cac
455,w_169253a
456,w_1693b27
457,w_169a302
458,w_16a13bb
459,w_16b5050
460,w_16b7fec
461,w_16c264e
462,w_16dba74
463,w_16def42
464,w_16df050
465,w_16dfac7
466,w_16f4e1e
467,w_16fa149
468,w_171794e
469,w_1719d81
470,w_171ca39
471,w_171dc55
472,w_1728040
473,w_17338da
474,w_1759e4e
475,w_175d6fa
476,w_177d88e
477,w_178144f
478,w_1788910
479,w_179c9f0
480,w_17a108a
481,w_17a3a21
482,w_17a4a41
483,w_17b0d3a
484,w_17ba5e4
485,w_17be6f2
486,w_17c9df5
487,w_17d6235
488,w_17dd986
489,w_17e8846
490,w_17f5d1d
491,w_17fef9b
492,w_180e241
493,w_181ab06
494,w_1834b49
495,w_185044d
496,w_185bc11
497,w_18645ff
498,w_18666da
499,w_186d294
500,w_1870783
501,w_187de67
502,w_1887b5a
503,w_18934ab
504,w_18a06fd
505,w_18aafe8
506,w_18c481a
507,w_18ca0f1
508,w_18f9d19
509,w_190375b
510,w_190b9bb
511,w_191bce3
512,w_1920193
513,w_1930599
514,w_1932830
515,w_193bf22
516,w_193f83c
517,w_19410fe
518,w_194bea2
519,w_19671ad
520,w_197979e
521,w_1995d15
522,w_19a0b30
523,w_19bd11d
524,w_19c50fa
525,w_19dfa67
526,w_19f365e
527,w_19f507e
528,w_19fb122
529,w_1a071a3
530,w_1a151e5
531,w_1a20162
532,w_1a31542
533,w_1a619db
534,w_1a657fc
535,w_1a70f3a
536,w_1a7ccaf
537,w_1a874a6
538,w_1a96d7b
539,w_1a9e018
540,w_1ab568f
541,w_1af6b9a
542,w_1afed1e
543,w_1afff3f
544,w_1b00c27
545,w_1b04c3c
546,w_1b0c4b7
547,w_1b0db58
548,w_1b1dd05
549,w_1b2bf0f
550,w_1b3baf7
551,w_1b3c3a4
552,w_1b4b202
553,w_1b4bb29
554,w_1b50676
555,w_1b51678
556,w_1b5b199
557,w_1b5fd1b
558,w_1b6f30f
559,w_1b6f6dc
560,w_1b70bda
561,w_1b70f3f
562,w_1b77e4f
563,w_1b7eaad
564,w_1b8f126
565,w_1baf8df
566,w_1bbc982
567,w_1bd2d91
568,w_1be76f5
569,w_1c2e409
570,w_1c39fb1
571,w_1c47899
572,w_1c55cc3
573,w_1c63738
574,w_1c6465a
575,w_1ca7433
576,w_1ca9ab1
577,w_1cb0ffc
578,w_1ccd2a1
579,w_1ccea93
580,w_1cfebce
581,w_1d0830e
582,w_1d1fffe
583,w_1d2d323
584,w_1d2ed91
585,w_1d35a02
586,w_1d4e949
587,w_1d532b4
588,w_1d55e83
589,w_1d6a51b
590,w_1d6a9f7
591,w_1d7fd7d
592,w_1d830c2
593,w_1d8d7c3
594,w_1d9592f
595,w_1da3327
596,w_1da93f8
597,w_1daae48
598,w_1dc7d3a
599,w_1dd336a
600,w_1de6148
601,w_1df2383
602,w_1dff836
603,w_1e1e5d9
604,w_1e283bb
605,w_1e286e0
606,w_1e3b8e8
607,w_1e3caae
608,w_1e3e9a7
609,w_1e81b43
610,w_1e85eea
611,w_1e99233
612,w_1e9caad
613,w_1ea5d96
614,w_1ea8997
615,w_1eb67e3
616,w_1ebcda9
617,w_1ecca2d
618,w_1ee38d5
619,w_1ef6c12
620,w_1efb6fa
621,w_1efbb8e
622,w_1f0cf0a
623,w_1f1774e
624,w_1f1cee1
625,w_1f41b98
626,w_1f429ff
627,w_1f62b56
628,w_1f6de0b
629,w_1f78a1e
630,w_1f7c696
631,w_1f7e291
632,w_1f85037
633,w_1f8621d
634,w_1f8c439
635,w_1faaf06
636,w_1faf1e4
637,w_1fb652d
638,w_1fc42e2
639,w_1fc4625
640,w_1fe6c6e
641,w_1fecb34
642,w_1ff111d
643,w_1ff1582
644,w_1ff168e
645,w_1ff410a
646,w_1ffc4ab
647,w_2009f8b
648,w_203042e
649,w_2034344
650,w_2036a57
651,w_205708f
652,w_2059146
653,w_207f153
654,w_208db25
655,w_20930e7
656,w_20ad973
657,w_20baeef
658,w_20c0bc0
659,w_20df2c5
660,w_20dfb69
661,w_20edfc3
662,w_20eeb29
663,w_2103ca8
664,w_210b625
665,w_210caac
666,w_2112103
667,w_2117e10
668,w_2136d08
669,w_2137c6f
670,w_213fb07
671,w_2148753
672,w_214e081
673,w_21591ba
674,w_21666ad
675,w_217fc01
676,w_218fe4a
677,w_21a7dac
678,w_21ae2d7
679,w_21b2790
680,w_21b3c7e
681,w_21b94e3
682,w_21bb5bd
683,w_21d5943
684,w_21ecbf3
685,w_21f1129
686,w_2211e6d
687,w_222ba28
688,w_224bfc5
689,w_227e394
690,w_2284d86
691,w_228c7ee
692,w_2296421
693,w_22a168a
694,w_22b8752
695,w_22cdc5f
696,w_22d96e7
697,w_22e82fa
698,w_22f2567
699,w_22f46ab
700,w_232f528
701,w_2330989
702,w_234713b
703,w_2349681
704,w_234d686
705,w_2362d7f
706,w_2365d55
707,w_23852a0
708,w_23a388d
709,w_23bfd0a
710,w_23ce00e
711,w_23d4815
712,w_23e1d57
713,w_24076b5
714,w_2409871
715,w_240cbf9
716,w_2424e82
717,w_242fb46
718,w_243b654
719,w_244ab03
720,w_244e953
721,w_245ac74
722,w_248381e
723,w_249346b
724,w_2495755
725,w_2497490
726,w_24b2561
727,w_24b5070
728,w_24c6ff8
729,w_24c76d8
730,w_24ca106
731,w_24d3109
732,w_24e9b5d
733,w_2500327
734,w_25085e0
735,w_25183b8
736,w_252d315
737,w_2548d54
738,w_2570b49
739,w_257e223
740,w_2592960
741,w_2597710
742,w_25b2b3d
743,w_25d662d
744,w_25d7e08
745,w_25e04d9
746,w_25f1a4e
747,w_260a2e7
748,w_260b2ac
749,w_260e1d7
750,w_260ff2c
751,w_261878d
752,w_2623921
753,w_2623b69
754,w_262c32f
755,w_262ec5b
756,w_26301f8
757,w_263bd97
758,w_263fcb0
759,w_2644b11
760,w_2645f4d
761,w_264c2e1
762,w_2652d72
763,w_265ac62
764,w_267c7e3
765,w_268addf
766,w_26923f7
767,w_2694603
768,w_26a55ed
769,w_26aeb61
770,w_26b24d4
771,w_26ba5fd
772,w_26c0ffd
773,w_26db444
774,w_26e4f44
775,w_26f7c39
776,w_270f505
777,w_2719f85
778,w_27272a5
779,w_274397d
780,w_2745292
781,w_274d994
782,w_274f6db
783,w_2757c07
784,w_27597ff
785,w_2759bb6
786,w_276390d
787,w_276d61d
788,w_277d911
789,w_27a6304
790,w_27aa28c
791,w_27b7295
792,w_27be996
793,w_27d6aac
794,w_27fa393
795,w_27fd7e3
796,w_2807565
797,w_2812e0d
798,w_281a8cd
799,w_28218e1
800,w_283ceeb
801,w_2843a30
802,w_2852461
803,w_2856c57
804,w_28589bc
805,w_2858e46
806,w_286d2cc
807,w_289778b
808,w_28a16b0
809,w_28c1ced
810,w_28c330c
811,w_28cb717
812,w_28d57ec
813,w_28df1bb
814,w_28f572d
815,w_2902e69
816,w_290399a
817,w_291b418
818,w_291cba5
819,w_2926c77
820,w_292956e
821,w_293431f
822,w_2964e0b
823,w_2972f31
824,w_297503e
825,w_297e53a
826,w_2980f85
827,w_298a035
828,w_298f605
829,w_29a8580
830,w_29af733
831,w_29c0caf
832,w_29c88c2
833,w_29cde7c
834,w_29d806a
835,w_29e5e8e
836,w_29e8496
837,w_29e87c9
838,w_2a0e817
839,w_2a1a012
840,w_2a1a125
841,w_2a2bcf1
842,w_2a6d5ee
843,w_2a7603f
844,w_2a7c1af
845,w_2a7f00f
846,w_2a946f2
847,w_2a98962
848,w_2aaa3b5
849,w_2ab34d0
850,w_2ac2bac
851,w_2ac6611
852,w_2ad05e9
853,w_2ae40f9
854,w_2af46a8
855,w_2b069ba
856,w_2b17316
857,w_2b1b04e
858,w_2b388fe
859,w_2b39f31
860,w_2b47174
861,w_2b49489
862,w_2b4b82e
863,w_2b50adf
864,w_2b65b34
865,w_2b7f65a
866,w_2b979e6
867,w_2ba6978
868,w_2c0cfe8
869,w_2c0f96c
870,w_2c1a562
871,w_2c29146
872,w_2c2e6b9
873,w_2c3768d
874,w_2c3c217
875,w_2c3f556
876,w_2c5fe7e
877,w_2c7deff
878,w_2c94198
879,w_2ca9282
880,w_2cabd62
881,w_2cd7341
882,w_2cdde18
883,w_2d0cfc1
884,w_2d1592c
885,w_2d1d67a
886,w_2d3ef19
887,w_2d5492b
888,w_2d5b0e1
889,w_2d5dc31
890,w_2d6596f
891,w_2d6bb89
892,w_2d7c2dd
893,w_2d99567
894,w_2db0644
895,w_2dd6b62
896,w_2ddcce9
897,w_2de1c5c
898,w_2df1d85
899,w_2df37cc
900,w_2df85e7
901,w_2e075b2
902,w_2e1416e
903,w_2e18226
904,w_2e21094
905,w_2e231f4
906,w_2e29743
907,w_2e35d7c
908,w_2e374c0
909,w_2e3e30d
910,w_2e45865
911,w_2e4af64
912,w_2e4b740
913,w_2e4cb98
914,w_2e54183
915,w_2e5ad54
916,w_2e5d992
917,w_2e69752
918,w_2e706fc
919,w_2e9d1b5
920,w_2e9ed59
921,w_2ec0a71
922,w_2ed0acc
923,w_2ed0d2f
924,w_2ed1e39
925,w_2eec458
926,w_2ef6741
927,w_2ef9c36
928,w_2efa6ab
929,w_2f0416b
930,w_2f0f74c
931,w_2f1488c
932,w_2f2c0d6
933,w_2f350be
934,w_2f3badb
935,w_2f4be30
936,w_2f5652a
937,w_2f5caa9
938,w_2f67f0a
939,w_2f6d4a8
940,w_2f702db
941,w_2f74ff3
942,w_2f79ae3
943,w_2f841ea
944,w_2f87cc7
945,w_2f8895a
946,w_2f8de4f
947,w_2f8eda5
948,w_2f9b02c
949,w_2fc317c
950,w_2fc775e
951,w_2fcfc71
952,w_2fdb049
953,w_2fdf4cb
954,w_2fe1c3f
955,w_2fec5ea
956,w_2ff0834
957,w_3002b59
958,w_301f728
959,w_302799d
960,w_303a3c4
961,w_3040ecd
962,w_305456a
963,w_3057209
964,w_3067220
965,w_30719c8
966,w_3079e26
967,w_307e5e9
968,w_308c7b6
969,w_30a7b3f
970,w_30b577d
971,w_30f2f0f
972,w_310226c
973,w_3108dce
974,w_310a26b
975,w_310a94d
976,w_31154fa
977,w_31233f8
978,w_3128adb
979,w_3132fce
980,w_3137898
981,w_3137deb
982,w_31438a5
983,w_314bc30
984,w_3154c82
985,w_3155d04
986,w_315c854
987,w_317ae6c
988,w_317c071
989,w_3180b48
990,w_31b5dd8
991,w_31d1d50
992,w_31e1bc1
993,w_32015c2
994,w_32043b0
995,w_3207433
996,w_3209f9e
997,w_3214120
998,w_3216236
999,w_3217fd7
1000,w_3224f68
1001,w_3250a08
1002,w_325f8d2
1003,w_3263e72
1004,w_327175f
1005,w_3278209
1006,w_32838db
1007,w_3283995
1008,w_328e490
1009,w_329c19c
1010,w_329ec8b
1011,w_32b01d7
1012,w_32da935
1013,w_32de0c5
1014,w_32e705d
1015,w_32eac70
1016,w_32eaf54
1017,w_3309cbd
1018,w_3334d3f
1019,w_3346f4e
1020,w_334c489
1021,w_334d7eb
1022,w_335a58c
1023,w_335bdd1
1024,w_33696ac
1025,w_336e046
1026,w_3378e77
1027,w_3384715
1028,w_33979b1
1029,w_33aaa44
1030,w_33eb301
1031,w_33fccbe
1032,w_3404de1
1033,w_34053b9
1034,w_34120de
1035,w_343f088
1036,w_34434d1
1037,w_344f319
1038,w_3476b19
1039,w_347e43b
1040,w_34941d8
1041,w_3499014
1042,w_349c277
1043,w_34afc43
1044,w_34bd6f2
1045,w_34d7623
1046,w_34ecf36
1047,w_34f5f2d
1048,w_350a5ba
1049,w_350bfd5
1050,w_3511bc7
1051,w_3514a84
1052,w_3518604
1053,w_351a377
1054,w_352445a
1055,w_353d249
1056,w_35614d4
1057,w_356b5b7
1058,w_35756a2
1059,w_357617e
1060,w_3584852
1061,w_35863c5
1062,w_358cda3
1063,w_35b5c5d
1064,w_35e991b
1065,w_35f2f8d
1066,w_361a865
1067,w_362ebae
1068,w_3635d34
1069,w_363a5aa
1070,w_3643be7
1071,w_365b7ad
1072,w_365e82b
1073,w_367832c
1074,w_367fb60
1075,w_36828b8
1076,w_368f8bc
1077,w_36b59be
1078,w_36b8101
1079,w_36bbd71
1080,w_36c8c0d
1081,w_36ceee6
1082,w_36e5992
1083,w_36f154c
1084,w_36f2ebb
1085,w_36f91ad
1086,w_36fdacd
1087,w_3716cec
1088,w_371d32d
1089,w_3729146
1090,w_3756834
1091,w_377ef2c
1092,w_3789389
1093,w_378bf61
1094,w_3791ec3
1095,w_37bc202
1096,w_37bdff9
1097,w_37d2f3a
1098,w_37d7c02
1099,w_37e08ff
1100,w_37e61c2
1101,w_37f260a
1102,w_3815890
1103,w_382262b
1104,w_3823d66
1105,w_384e3b2
1106,w_385330e
1107,w_3853f4b
1108,w_3879fa0
1109,w_3881f28
1110,w_38b8bda
1111,w_38c0639
1112,w_38c5952
1113,w_38c6a8d
1114,w_38c8a8d
1115,w_38de45d
1116,w_38e4345
1117,w_38e9cf5
1118,w_38fc953
1119,w_3904956
1120,w_3904b99
1121,w_39141fc
1122,w_391ef09
1123,w_394165d
1124,w_3949bd6
1125,w_394f053
1126,w_3962169
1127,w_396c07d
1128,w_396c12b
1129,w_3976c05
1130,w_397d143
1131,w_3982e1e
1132,w_398323d
1133,w_39b9efe
1134,w_39c246e
1135,w_39cd182
1136,w_39ea8fa
1137,w_39efa30
1138,w_39f3e3a
1139,w_3a192ed
1140,w_3a1969c
1141,w_3a1e62f
1142,w_3a241cf
1143,w_3a2686e
1144,w_3a333ae
1145,w_3a34d6f
1146,w_3a4789b
1147,w_3a63e33
1148,w_3a91b10
1149,w_3aa8e97
1150,w_3ac9d34
1151,w_3ad0f37
1152,w_3ae4d85
1153,w_3aecb5c
1154,w_3af5f93
1155,w_3b03149
1156,w_3b03245
1157,w_3b15259
1158,w_3b32955
1159,w_3b3f3ce
1160,w_3b50da5
1161,w_3b5aee2
1162,w_3b71107
1163,w_3b90ba7
1164,w_3b955d1
1165,w_3b970db
1166,w_3bb142c
1167,w_3bc2641
1168,w_3bc4a4f
1169,w_3bd976e
1170,w_3bdf2c6
1171,w_3bf2653
1172,w_3bfa4f8
1173,w_3c254c1
1174,w_3c33b23
1175,w_3c4b1d0
1176,w_3c4f583
1177,w_3c58b68
1178,w_3c629a2
1179,w_3c64b50
1180,w_3c80f07
1181,w_3c880c2
1182,w_3c8b9ea
1183,w_3c8f7da
1184,w_3c966be
1185,w_3c972b3
1186,w_3cb4838
1187,w_3cc4623
1188,w_3cc7dc4
1189,w_3cd4d35
1190,w_3cde3ea
1191,w_3ce8ffa
1192,w_3d1f606
1193,w_3d56b7c
1194,w_3d67c3b
1195,w_3d72a96
1196,w_3d7bc85
1197,w_3d7dbf1
1198,w_3d834ed
1199,w_3d88ad4
1200,w_3d972c9
1201,w_3da0eae
1202,w_3dc1e42
1203,w_3dd4346
1204,w_3de579a
1205,w_3de9056
1206,w_3e18700
1207,w_3e34a5f
1208,w_3e34e14
1209,w_3e39c9c
1210,w_3e4a1a5
1211,w_3e4b155
1212,w_3e59d84
1213,w_3e5a926
1214,w_3e6cee1
1215,w_3e88a50
1216,w_3e89f09
1217,w_3e979c0
1218,w_3e9dc66
1219,w_3ea05d5
1220,w_3eabdac
1221,w_3eae264
1222,w_3ebfe7a
1223,w_3ec7fa2
1224,w_3ef0017
1225,w_3f0fd95
1226,w_3f213d5
1227,w_3f21fed
1228,w_3f22dc6
1229,w_3f44881
1230,w_3f567ce
1231,w_3f5c708
1232,w_3f5e8d7
1233,w_3f5eda7
1234,w_3f6f934
1235,w_3f78360
1236,w_3f7d5f5
1237,w_3f8ff7c
1238,w_3f915dc
1239,w_3f93ee8
1240,w_3fadd3e
1241,w_3fb99a3
1242,w_3fc3c61
1243,w_3fe2251
1244,w_3fe5d56
1245,w_3feca90
1246,w_3ff114c
1247,w_3ff6d0e
1248,w_3ffae11
1249,w_400791e
1250,w_401f5a1
1251,w_4024b54
1252,w_408835c
1253,w_408f9ea
1254,w_4096187
1255,w_409747f
1256,w_409c63d
1257,w_40a1403
1258,w_40a6c9c
1259,w_40a8585
1260,w_40acf40
1261,w_40be8d6
1262,w_40dc8f2
1263,w_40efb29
1264,w_4112f9a
1265,w_411325a
1266,w_4126cb1
1267,w_412b5ad
1268,w_41301dd
1269,w_4130233
1270,w_4132bb8
1271,w_4135cb8
1272,w_413933b
1273,w_41429ea
1274,w_414d441
1275,w_415dea0
1276,w_415f090
1277,w_416168a
1278,w_4167fbb
1279,w_4175cb7
1280,w_4182dba
1281,w_41a2f20
1282,w_41d24c6
1283,w_41d5251
1284,w_41dd026
1285,w_41eb3b2
1286,w_420254e
1287,w_420dafb
1288,w_4214909
1289,w_421b9de
1290,w_42388df
1291,w_4249f01
1292,w_424b5fd
1293,w_4274db3
1294,w_428ca58
1295,w_428f3c0
1296,w_42b0064
1297,w_42c1a3c
1298,w_42d6484
1299,w_42e0e40
1300,w_4312b77
1301,w_43312c4
1302,w_4344f5e
1303,w_4362671
1304,w_4369be0
1305,w_4370f94
1306,w_438dd0b
1307,w_439b6cf
1308,w_43d4a64
1309,w_43d8db4
1310,w_43f0465
1311,w_43f3361
1312,w_43fa7fc
1313,w_43fc74c
1314,w_443afc0
1315,w_4441671
1316,w_44479bb
1317,w_445a265
1318,w_445cc76
1319,w_4460861
1320,w_446a02d
1321,w_44803e4
1322,w_4488584
1323,w_448e190
1324,w_44a3ca5
1325,w_44a6509
1326,w_44c1eef
1327,w_44e59c7
1328,w_44fc980
1329,w_44fe688
1330,w_450878a
1331,w_450fccf
1332,w_4516d31
1333,w_4516ff1
1334,w_4523384
1335,w_4524517
1336,w_45246db
1337,w_452d137
1338,w_45473b9
1339,w_454df60
1340,w_454f511
1341,w_4554dcd
1342,w_455bc02
1343,w_4562f42
1344,w_456646a
1345,w_45867cd
1346,w_45a0a22
1347,w_45a6d4e
1348,w_45a768c
1349,w_45b1b01
1350,w_45c3ea2
1351,w_45c5396
1352,w_45d33bf
1353,w_45df6b0
1354,w_45e0e10
1355,w_45e277d
1356,w_45e2fc0
1357,w_45e98c0
1358,w_463295b
1359,w_463f219
1360,w_4640cdc
1361,w_465d9c7
1362,w_465e27a
1363,w_4661aac
1364,w_4669e6a
1365,w_4678fbb
1366,w_46796cc
1367,w_4689352
1368,w_4690940
1369,w_46a38a6
1370,w_46ba1ce
1371,w_46c49e8
1372,w_46c4c49
1373,w_46ccc6f
1374,w_46e198f
1375,w_46e59f5
1376,w_46ea040
1377,w_46f4824
1378,w_47098f8
1379,w_470be90
1380,w_472b51c
1381,w_4735be5
1382,w_4776fc5
1383,w_477f7b1
1384,w_478d73b
1385,w_4797776
1386,w_47996c6
1387,w_47aa042
1388,w_47d86e8
1389,w_47daed4
1390,w_47e88ee
1391,w_4801beb
1392,w_480d478
1393,w_483947b
1394,w_4846b27
1395,w_4857351
1396,w_48619b3
1397,w_48872ad
1398,w_4888003
1399,w_488865e
1400,w_48a6027
1401,w_48aa237
1402,w_48b1730
1403,w_48b6083
1404,w_48cc590
1405,w_48d22a3
1406,w_48fa708
1407,w_490d198
1408,w_491b2e5
1409,w_491bdcb
1410,w_491e1d4
1411,w_492d9c5
1412,w_494c72d
1413,w_4951cb9
1414,w_4953900
1415,w_497efb9
1416,w_4982a49
1417,w_49ae16f
1418,w_49afbc9
1419,w_49cd60d
1420,w_49ce813
1421,w_49d1bcd
1422,w_49e0d44
1423,w_49ee8e0
1424,w_4a01f24
1425,w_4a0c2a7
1426,w_4a12050
1427,w_4a1b689
1428,w_4a1b777
1429,w_4a28f21
1430,w_4a61e0a
1431,w_4a8467f
1432,w_4a8a4c9
1433,w_4a9436a
1434,w_4ab3420
1435,w_4ab6b16
1436,w_4ac340b
1437,w_4ac8e76
1438,w_4ad3d24
1439,w_4adb4e9
1440,w_4adc1c0
1441,w_4af7c01
1442,w_4b04d0f
1443,w_4b143db
1444,w_4b1a9b1
1445,w_4b2e47b
1446,w_4b4f9b7
1447,w_4b5ade3
1448,w_4b609e1
1449,w_4b66b5f
1450,w_4b815d3
1451,w_4b8638b
1452,w_4ba728f
1453,w_4bbd0fd
1454,w_4bc3d74
1455,w_4bd850b
1456,w_4bdd289
1457,w_4be6d99
1458,w_4bf625b
1459,w_4c01b28
1460,w_4c07458
1461,w_4c0a2c9
1462,w_4c18cce
1463,w_4c206e7
1464,w_4c218b5
1465,w_4c2af2c
1466,w_4c47a31
1467,w_4c614f3
1468,w_4c62681
1469,w_4c7a435
1470,w_4cb61b2
1471,w_4cbf396
1472,w_4cc050e
1473,w_4cc62b9
1474,w_4cf5e29
1475,w_4d06559
1476,w_4d61be5
1477,w_4d62749
1478,w_4d7df64
1479,w_4d96d06
1480,w_4dabdd3
1481,w_4dac709
1482,w_4dbf0ad
1483,w_4dcc907
1484,w_4dcdda3
1485,w_4df0da7
1486,w_4df6c4b
1487,w_4dfeafc
1488,w_4e00a18
1489,w_4e01dd9
1490,w_4e13e82
1491,w_4e1e04d
1492,w_4e275ed
1493,w_4e33dc8
1494,w_4e40657
1495,w_4e626be
1496,w_4e63f7a
1497,w_4e73055
1498,w_4e864fd
1499,w_4e87672
1500,w_4e88955
1501,w_4e8ae1d
1502,w_4e902c2
1503,w_4e9b3a3
1504,w_4ea4f59
1505,w_4eb128b
1506,w_4eb6bcc
1507,w_4ede58b
1508,w_4f14413
1509,w_4f3cebf
1510,w_4f3dc75
1511,w_4f44a61
1512,w_4f62735
1513,w_4f6b509
1514,w_4f6e5a9
1515,w_4f717ba
1516,w_4f7eac5
1517,w_4f8332a
1518,w_4f9c015
1519,w_4fa0ba1
1520,w_4fa2f05
1521,w_4fadedd
1522,w_4fd7b80
1523,w_4fdb4c1
1524,w_4fdff73
1525,w_4ff2f4a
1526,w_5010896
1527,w_50193ae
1528,w_50260e7
1529,w_502e72f
1530,w_5031cac
1531,w_5037cfd
1532,w_5045d2c
1533,w_5065c2b
1534,w_506f894
1535,w_506ff2f
1536,w_50707c4
1537,w_5072c08
1538,w_5077be0
1539,w_5083a58
1540,w_5089763
1541,w_50b08a9
1542,w_50c4067
1543,w_50e2184
1544,w_50e8d58
1545,w_50f8a28
1546,w_50f9d24
1547,w_50fd107
1548,w_5101888
1549,w_51052c2
1550,w_510f3ee
1551,w_5116e7e
1552,w_511b9b5
1553,w_513f024
1554,w_5157259
1555,w_515bd01
1556,w_518a722
1557,w_519416c
1558,w_519a081
1559,w_51a0ec9
1560,w_51a60f0
1561,w_51b4749
1562,w_51c003e
1563,w_51e0e04
1564,w_51e7506
1565,w_51e91cb
1566,w_51f03a3
1567,w_51fc1fc
1568,w_51fe22f
1569,w_520731e
1570,w_52093cb
1571,w_52162eb
1572,w_52182de
1573,w_52196e1
1574,w_522e959
1575,w_5234c83
1576,w_523fb3a
1577,w_52464e6
1578,w_5252dc7
1579,w_5258623
1580,w_527a019
1581,w_527aa02
1582,w_529b41b
1583,w_529fa56
1584,w_52a5d92
1585,w_52adbfa
1586,w_52b60a6
1587,w_52cd115
1588,w_52db74a
1589,w_5303b20
1590,w_5313587
1591,w_53215c6
1592,w_5325f8a
1593,w_53276a1
1594,w_533f9ea
1595,w_533fe25
1596,w_535448f
1597,w_5360e39
1598,w_5365497
1599,w_536beda
1600,w_538259a
1601,w_538cdf2
1602,w_5390260
1603,w_53aa231
1604,w_53b6917
1605,w_53ce2e1
1606,w_53d3f73
1607,w_53d6a5e
1608,w_53fb1b2
1609,w_53feb91
1610,w_540ac0a
1611,w_540d5db
1612,w_544128b
1613,w_5482351
1614,w_5485228
1615,w_548a268
1616,w_54abcc3
1617,w_54ae8bf
1618,w_54b631b
1619,w_54c535e
1620,w_54e7b40
1621,w_54ea24d
1622,w_54fd73d
1623,w_550ca18
1624,w_550dd10
1625,w_5510cf3
1626,w_551165a
1627,w_5515886
1628,w_551f361
1629,w_5520ce2
1630,w_5529f3b
1631,w_5530579
1632,w_5535fd3
1633,w_553d1ef
1634,w_553d3d0
1635,w_5557f1e
1636,w_555dcb4
1637,w_555e037
1638,w_55782b0
1639,w_5585ecf
1640,w_5591cd8
1641,w_5597026
1642,w_55a34c7
1643,w_55b77ce
1644,w_55e0064
1645,w_55ed30b
1646,w_55ef07b
1647,w_55fffeb
1648,w_560305a
1649,w_5612025
1650,w_5616581
1651,w_56276b3
1652,w_562b227
1653,w_563d4b1
1654,w_5645ed1
1655,w_564a34b
1656,w_5650932
1657,w_5652083
1658,w_565d73a
1659,w_5665c80
1660,w_567502c
1661,w_567d88c
1662,w_5688262
1663,w_568e9fd
1664,w_569ed76
1665,w_56a96ed
1666,w_56af0a9
1667,w_56c9d4e
1668,w_56cb095
1669,w_56d38d8
1670,w_56d8530
1671,w_56e52fb
1672,w_56ed74d
1673,w_56fcc39
1674,w_56fe328
1675,w_571cf6d
1676,w_573d141
1677,w_57437ee
1678,w_57546d7
1679,w_576026e
1680,w_57733e3
1681,w_5773c71
1682,w_5778858
1683,w_5781883
1684,w_5793f1c
1685,w_5796069
1686,w_579e5f0
1687,w_57a546c
1688,w_57abc0f
1689,w_57acd97
1690,w_57aeea3
1691,w_57bf435
1692,w_57e4b21
1693,w_5801869
1694,w_5802b33
1695,w_5808373
1696,w_580ba51
1697,w_580bfc3
1698,w_5816f86
1699,w_581ba42
1700,w_5821157
1701,w_5823d7b
1702,w_5831e13
1703,w_5833b3d
1704,w_583aba1
1705,w_5841fb9
1706,w_584e1dc
1707,w_585fe5b
1708,w_586abcf
1709,w_5871dfd
1710,w_587753f
1711,w_5877e51
1712,w_588f349
1713,w_58afeb2
1714,w_58bae95
1715,w_58bc953
1716,w_58be2b5
1717,w_58d3dd3
1718,w_58d8bbd
1719,w_58ddf90
1720,w_58f3fd4
1721,w_59052ad
1722,w_59088ff
1723,w_5910d78
1724,w_591a2c5
1725,w_593949b
1726,w_5946cd1
1727,w_595dbd3
1728,w_5966e55
1729,w_596c806
1730,w_596f6bc
1731,w_597758e
1732,w_59915b1
1733,w_5999d7a
1734,w_59d1835
1735,w_59f2171
1736,w_59f4653
1737,w_59fb9d2
1738,w_5a0ef9f
1739,w_5a2634c
1740,w_5a3cd6d
1741,w_5a3dbb9
1742,w_5a49beb
1743,w_5a63294
1744,w_5a696c2
1745,w_5a7e338
1746,w_5a8902d
1747,w_5a90eff
1748,w_5a9abcf
1749,w_5ac8fc1
1750,w_5ad1ac9
1751,w_5ad70f3
1752,w_5ae026a
1753,w_5ae831c
1754,w_5af08bc
1755,w_5af3b0a
1756,w_5b16177
1757,w_5b227ec
1758,w_5b262f1
1759,w_5b3289c
1760,w_5b40032
1761,w_5b463cf
1762,w_5b5b849
1763,w_5b870e8
1764,w_5b8805a
1765,w_5b8b487
1766,w_5b8f665
1767,w_5b94456
1768,w_5babd8c
1769,w_5bac7bb
1770,w_5bd26de
1771,w_5be4e45
1772,w_5bef7cb
1773,w_5bf792a
1774,w_5c028f2
1775,w_5c083e6
1776,w_5c2bc89
1777,w_5c2c1a1
1778,w_5c2dc82
1779,w_5c3f03f
1780,w_5c4c166
1781,w_5c4f274
1782,w_5c51475
1783,w_5c57f77
1784,w_5c6bd71
1785,w_5c742ec
1786,w_5c85850
1787,w_5cc76f8
1788,w_5cc8711
1789,w_5ccee38
1790,w_5ce4848
1791,w_5ce9577
1792,w_5cf0e37
1793,w_5cf4727
1794,w_5d06edd
1795,w_5d1b1a7
1796,w_5d1c9eb
1797,w_5d2dac8
1798,w_5d35047
1799,w_5d36478
1800,w_5d3f521
1801,w_5d426b6
1802,w_5d438a9
1803,w_5d4c7fc
1804,w_5d5c6a6
1805,w_5d67caa
1806,w_5d687a9
1807,w_5d6ba39
1808,w_5d81be1
1809,w_5d8ee24
1810,w_5d90c48
1811,w_5d9f814
1812,w_5db0eb7
1813,w_5dc4f38
1814,w_5df7574
1815,w_5e2589b
1816,w_5e285ed
1817,w_5e47cfb
1818,w_5e5fec6
1819,w_5e63553
1820,w_5e8e218
1821,w_5e939ca
1822,w_5e94510
1823,w_5ea7acf
1824,w_5ed2a38
1825,w_5f0af76
1826,w_5f0fcab
1827,w_5f20f03
1828,w_5f31117
1829,w_5f39ad8
1830,w_5f54045
1831,w_5f5f9ae
1832,w_5f6f211
1833,w_5fa42d3
1834,w_5fb70a0
1835,w_5fbbce9
1836,w_5fcd8d4
1837,w_5fcf350
1838,w_5fd90e2
1839,w_5fe949c
1840,w_5fedd5f
1841,w_5ff2049
1842,w_5ff73b9
1843,w_600bf1b
1844,w_60122fa
1845,w_6041acb
1846,w_6071978
1847,w_60795e6
1848,w_6091feb
1849,w_609529a
1850,w_60a2820
1851,w_60a54be
1852,w_60aa749
1853,w_60b027a
1854,w_60c073b
1855,w_60ce6fc
1856,w_60cf87c
1857,w_60f11fb
1858,w_60f4a66
1859,w_611d18b
1860,w_611e69e
1861,w_614b549
1862,w_615a631
1863,w_6172f4a
1864,w_6187461
1865,w_6189444
1866,w_61b9586
1867,w_61cbbc3
1868,w_61d48c9
1869,w_61d6612
1870,w_61e136d
1871,w_61e4248
1872,w_61e4690
1873,w_61ed07a
1874,w_61f25ae
1875,w_620dffe
1876,w_621575d
1877,w_625e590
1878,w_627187b
1879,w_6279534
1880,w_628a326
1881,w_628d615
1882,w_62b631e
1883,w_62bedea
1884,w_62c76f3
1885,w_62c78f3
1886,w_62db660
1887,w_62e16d6
1888,w_62e5aa0
1889,w_62ec5a8
1890,w_62ecd30
1891,w_62f10a4
1892,w_62fc862
1893,w_62ff333
1894,w_6301785
1895,w_6310ac7
1896,w_631564e
1897,w_6332313
1898,w_63386cd
1899,w_6339d14
1900,w_633ead1
1901,w_636aa5b
1902,w_636b9a8
1903,w_637c73b
1904,w_639867f
1905,w_63b91aa
1906,w_63d6920
1907,w_63ea6fd
1908,w_63f5740
1909,w_63ff0ac
1910,w_64055b4
1911,w_64062df
1912,w_640a24a
1913,w_641df87
1914,w_64404ac
1915,w_6441130
1916,w_6448cab
1917,w_6452aca
1918,w_6465d75
1919,w_647da1f
1920,w_648b85e
1921,w_64b2865
1922,w_64cddcd
1923,w_64f4963
1924,w_650f061
1925,w_650f587
1926,w_651236e
1927,w_6525e6b
1928,w_653099f
1929,w_653dde1
1930,w_6545943
1931,w_6555d06
1932,w_655fe84
1933,w_6568270
1934,w_658f76d
1935,w_659bdb8
1936,w_65a1bfa
1937,w_65c24c3
1938,w_65cc057
1939,w_65dadc8
1940,w_65e0628
1941,w_65f142a
1942,w_65ffd7d
1943,w_6612e89
1944,w_66168f1
1945,w_662530e
1946,w_662c89b
1947,w_6640084
1948,w_6643fe8
1949,w_664a4bb
1950,w_6658081
1951,w_66639d4
1952,w_6684eea
1953,w_668c588
1954,w_66b4513
1955,w_66c5323
1956,w_66dd189
1957,w_66e3287
1958,w_66e8565
1959,w_67153b4
1960,w_671b041
1961,w_673ff5b
1962,w_6755824
1963,w_675d7d7
1964,w_677be14
1965,w_6794f1e
1966,w_67a270c
1967,w_67a56b4
1968,w_67a9841
1969,w_67afc89
1970,w_67b3af9
1971,w_67dee15
1972,w_67e9aa8
1973,w_67f670e
1974,w_67fa286
1975,w_67fa427
1976,w_6822dbc
1977,w_6823268
1978,w_682897f
1979,w_68311ed
1980,w_683af30
1981,w_6840783
1982,w_68465c0
1983,w_685115a
1984,w_685b8e1
1985,w_685d7a7
1986,w_686bbcb
1987,w_686c0b3
1988,w_687c6d3
1989,w_688590b
1990,w_689cfe2
1991,w_689e1cd
1992,w_68a89b5
1993,w_68aa903
1994,w_68ae353
1995,w_68b59dd
1996,w_68bb40f
1997,w_68c4ecf
1998,w_68d1fb0
1999,w_68df91a
2000,w_68eaf36
2001,w_68ed1f9
2002,w_68ef337
2003,w_68f23a1
2004,w_68fc65d
2005,w_6906eed
2006,w_6908715
2007,w_691b684
2008,w_691f2f6
2009,w_6920fb7
2010,w_692574d
2011,w_692734c
2012,w_6943d6f
2013,w_6946a70
2014,w_694a615
2015,w_695c604
2016,w_697c75f
2017,w_698fcbe
2018,w_69a58b2
2019,w_69b046b
2020,w_69b5ace
2021,w_69bb761
2022,w_69c06ad
2023,w_69c8945
2024,w_69cce86
2025,w_69ce621
2026,w_69edff7
2027,w_69efdbe
2028,w_6a0a4c8
2029,w_6a1280c
2030,w_6a8bad9
2031,w_6a95be3
2032,w_6aa9d4e
2033,w_6aab519
2034,w_6ab76e6
2035,w_6aca6f9
2036,w_6ad771b
2037,w_6ae4956
2038,w_6af9b02
2039,w_6afdf63
2040,w_6aff5b1
2041,w_6b00c91
2042,w_6b155e9
2043,w_6b1bd76
2044,w_6b1d160
2045,w_6b25530
2046,w_6b28b1c
2047,w_6b2a111
2048,w_6b2ecc8
2049,w_6b3b848
2050,w_6b41a2c
2051,w_6b47687
2052,w_6b51160
2053,w_6b57529
2054,w_6b90e54
2055,w_6b9af3a
2056,w_6bab2bd
2057,w_6bc4ce1
2058,w_6beaa7d
2059,w_6bee56d
2060,w_6c09f7f
2061,w_6c0cdb1
2062,w_6c2e008
2063,w_6c33987
2064,w_6c3ec2d
2065,w_6c4a986
2066,w_6c6ff4f
2067,w_6c777a0
2068,w_6c886f0
2069,w_6c995fd
2070,w_6ca0970
2071,w_6ca173f
2072,w_6caa59f
2073,w_6caff0f
2074,w_6cb0480
2075,w_6cb1882
2076,w_6cb1ff1
2077,w_6cb656d
2078,w_6cb7724
2079,w_6cca536
2080,w_6ccf9c6
2081,w_6cda039
2082,w_6cec90c
2083,w_6cf6bf4
2084,w_6cfa650
2085,w_6d1f159
2086,w_6d35e41
2087,w_6d43e1d
2088,w_6d527ff
2089,w_6d59878
2090,w_6d80008
2091,w_6d8519e
2092,w_6d8b67b
2093,w_6d8f72e
2094,w_6d8fad3
2095,w_6d98683
2096,w_6da5a82
2097,w_6db266a
2098,w_6dbfd7a
2099,w_6dc5981
2100,w_6dce358
2101,w_6dedb5c
2102,w_6df2400
2103,w_6df47c6
2104,w_6dfc3f1
2105,w_6e0a45b
2106,w_6e0afa2
2107,w_6e0e2ae
2108,w_6e209a8
2109,w_6e305f5
2110,w_6e3b6a5
2111,w_6e51c06
2112,w_6e55e73
2113,w_6e62ad4
2114,w_6e6307e
2115,w_6e6a6ff
2116,w_6e6e6bc
2117,w_6e76427
2118,w_6e7763b
2119,w_6e77fd0
2120,w_6e7cf1c
2121,w_6e85f95
2122,w_6e8c101
2123,w_6e97ef4
2124,w_6e97efe
2125,w_6e999b0
2126,w_6ea9231
2127,w_6ebed02
2128,w_6ebfe7b
2129,w_6ed6320
2130,w_6ee9735
2131,w_6ee9b69
2132,w_6eec015
2133,w_6eed962
2134,w_6f0cbe3
2135,w_6f1f6b3
2136,w_6f3a3ec
2137,w_6f61a8a
2138,w_6f62459
2139,w_6f74177
2140,w_6f7611c
2141,w_6f7667a
2142,w_6f927a1
2143,w_6f9f759
2144,w_6fa469c
2145,w_6fb7fe9
2146,w_6fc8edc
2147,w_6fc9857
2148,w_6fce84d
2149,w_6fd2888
2150,w_6fd8b4b
2151,w_6fe3566
2152,w_6fe3dac
2153,w_6fe5b8e
2154,w_6fed7c4
2155,w_6ffc7a1
2156,w_700ebb4
2157,w_700f301
2158,w_702b2c4
2159,w_702f2a0
2160,w_7038727
2161,w_704a8a1
2162,w_7052419
2163,w_7058149
2164,w_705e466
2165,w_7064855
2166,w_7066887
2167,w_7069d70
2168,w_706e4fb
2169,w_707ce0f
2170,w_7085ad6
2171,w_7087c88
2172,w_708c3d2
2173,w_7091e67
2174,w_709907d
2175,w_70a2a2f
2176,w_70d0b3c
2177,w_70db0cc
2178,w_70e9661
2179,w_70fa383
2180,w_70fc054
2181,w_711552b
2182,w_711765a
2183,w_711b815
2184,w_7122684
2185,w_712b916
2186,w_714f89f
2187,w_7150989
2188,w_715b1b5
2189,w_715c34b
2190,w_715ceba
2191,w_71670b3
2192,w_716ac00
2193,w_716f64f
2194,w_717756b
2195,w_717b048
2196,w_719ee7e
2197,w_71a1a08
2198,w_71af602
2199,w_71b9a85
2200,w_71d5ba2
2201,w_71df35a
2202,w_71dfca3
2203,w_71ec6d4
2204,w_71ed685
2205,w_71f5c74
2206,w_71fa596
2207,w_71fbd51
2208,w_72019ec
2209,w_7203b68
2210,w_7206ab2
2211,w_721e78f
2212,w_72288ee
2213,w_722a04a
2214,w_724503e
2215,w_7250aef
2216,w_725bf15
2217,w_726c717
2218,w_7272aa5
2219,w_728c615
2220,w_729290b
2221,w_72aa314
2222,w_72ab123
2223,w_72afa97
2224,w_72c56cc
2225,w_72db52b
2226,w_72e3fa4
2227,w_72f3685
2228,w_72f5c64
2229,w_72fc6e4
2230,w_7307591
2231,w_73075b5
2232,w_731fe92
2233,w_73282ec
2234,w_732d22c
2235,w_733a794
2236,w_733e9cc
2237,w_733f661
2238,w_7342df0
2239,w_73435d0
2240,w_7348ed5
2241,w_734f6b5
2242,w_7351540
2243,w_736cca3
2244,w_7388288
2245,w_7395388
2246,w_73b2fe3
2247,w_73b6699
2248,w_73bfe11
2249,w_73c0495
2250,w_73d22c4
2251,w_73d6671
2252,w_73d71d2
2253,w_73e5b74
2254,w_73fe099
2255,w_7404271
2256,w_740c748
2257,w_74192ac
2258,w_742f7f5
2259,w_7432816
2260,w_745ee82
2261,w_7478938
2262,w_748290a
2263,w_7488eec
2264,w_749dffd
2265,w_74ada4e
2266,w_74b6ca2
2267,w_74b748b
2268,w_74c924a
2269,w_74e6a59
2270,w_74ec366
2271,w_74f384b
2272,w_74f9ede
2273,w_750f1c8
2274,w_7521a81
2275,w_752ffa2
2276,w_753d66c
2277,w_754cc34
2278,w_755fc10
2279,w_75648fc
2280,w_7571b52
2281,w_759b919
2282,w_75b6e81
2283,w_75c7a82
2284,w_75cebcf
2285,w_75d0e61
2286,w_75d4e65
2287,w_75df747
2288,w_75ec7c1
2289,w_75f6ffa
2290,w_75fc10c
2291,w_76065ea
2292,w_760c469
2293,w_7648ac1
2294,w_7656c1a
2295,w_76586af
2296,w_7677b27
2297,w_76a45de
2298,w_76a76ca
2299,w_76ad1d2
2300,w_76b8e6f
2301,w_76d1f84
2302,w_76dee7c
2303,w_76e67dc
2304,w_76f4d0b
2305,w_76f95b1
2306,w_76fab39
2307,w_7707132
2308,w_7709151
2309,w_77150d0
2310,w_772845b
2311,w_772c726
2312,w_7737f65
2313,w_773a8fd
2314,w_775504f
2315,w_7769d46
2316,w_776a885
2317,w_776f336
2318,w_7781e53
2319,w_778e474
2320,w_77c86af
2321,w_77d1d8a
2322,w_77f9c5f
2323,w_780c931
2324,w_781654e
2325,w_782c71d
2326,w_7830b52
2327,w_7834cde
2328,w_78351ee
2329,w_7860ed5
2330,w_787af6b
2331,w_789c969
2332,w_789e0e6
2333,w_78ab4d4
2334,w_78bfd01
2335,w_78ca251
2336,w_78cfcbf
2337,w_78de8f7
2338,w_78e229f
2339,w_78e6713
2340,w_78e7020
2341,w_78fbecd
2342,w_790fe92
2343,w_7918564
2344,w_792ffd7
2345,w_7938c79
2346,w_7957b08
2347,w_795a6b8
2348,w_797b34c
2349,w_7983f71
2350,w_79843ce
2351,w_798f466
2352,w_799b208
2353,w_79a2659
2354,w_79cfcab
2355,w_79e750b
2356,w_79eb216
2357,w_7a083f7
2358,w_7a1c290
2359,w_7a232d3
2360,w_7a320a3
2361,w_7a3f10d
2362,w_7a427f2
2363,w_7a61cb2
2364,w_7a8ce16
2365,w_7a91862
2366,w_7a97301
2367,w_7aa47a8
2368,w_7ab2120
2369,w_7ac28dd
2370,w_7ad1459
2371,w_7ae20cf
2372,w_7ae9946
2373,w_7aea0b8
2374,w_7af5b09
2375,w_7afb40a
2376,w_7b05eeb
2377,w_7b06e7e
2378,w_7b07041
2379,w_7b098ce
2380,w_7b2e5ce
2381,w_7b41bf7
2382,w_7b4ffdd
2383,w_7b6483e
2384,w_7b703d1
2385,w_7b92cc8
2386,w_7b989fb
2387,w_7ba6d48
2388,w_7bbf268
2389,w_7c1435e
2390,w_7c21ab5
2391,w_7c23d73
2392,w_7c26ef7
2393,w_7c27fbd
2394,w_7c5b20d
2395,w_7c5fa3c
2396,w_7c60e77
2397,w_7c6e8f0
2398,w_7c718f4
2399,w_7c77c5c
2400,w_7c82391
2401,w_7c9f76d
2402,w_7ca2a9b
2403,w_7cb0e92
2404,w_7cc2687
2405,w_7cc7ec6
2406,w_7cd0b86
2407,w_7ce08e6
2408,w_7d02551
2409,w_7d06258
2410,w_7d09141
2411,w_7d28b7b
2412,w_7d296e9
2413,w_7d34a32
2414,w_7d44896
2415,w_7d458aa
2416,w_7d4d7cd
2417,w_7d55653
2418,w_7d5a3b0
2419,w_7d6527e
2420,w_7d724a2
2421,w_7d79c77
2422,w_7d8b00d
2423,w_7d8c36f
2424,w_7d8c37c
2425,w_7d91458
2426,w_7d9d014
2427,w_7dd1222
2428,w_7e016f2
2429,w_7e0659e
2430,w_7e07b6a
2431,w_7e1ce0a
2432,w_7e2eb3d
2433,w_7e38d10
2434,w_7e51d7b
2435,w_7e56d66
2436,w_7e579dd
2437,w_7e61174
2438,w_7e70b7c
2439,w_7e74b4e
2440,w_7e9ae57
2441,w_7e9df91
2442,w_7ea6bf2
2443,w_7ec2c18
2444,w_7ec388a
2445,w_7ec7c3b
2446,w_7ed8dac
2447,w_7edfc70
2448,w_7ef8a85
2449,w_7f04b8b
2450,w_7f0d18a
2451,w_7f1f285
2452,w_7f4e251
2453,w_7f4e31e
2454,w_7f5d9fd
2455,w_7f5f3b8
2456,w_7f762d8
2457,w_7fcf284
2458,w_7fe4082
2459,w_7ff9682
2460,w_7ffc63c
2461,w_8003858
2462,w_80124ae
2463,w_801e723
2464,w_801eb08
2465,w_803ad0d
2466,w_8041789
2467,w_80729eb
2468,w_8075847
2469,w_807f02e
2470,w_808d40b
2471,w_8092ea7
2472,w_8092f18
2473,w_80a59e6
2474,w_80acb6f
2475,w_80b474e
2476,w_80bb6c7
2477,w_80d945b
2478,w_80dfb8e
2479,w_80f481f
2480,w_80fc994
2481,w_8103832
2482,w_811c3a3
2483,w_8141e4e
2484,w_814a1cc
2485,w_8153aa9
2486,w_8157927
2487,w_815a843
2488,w_81691be
2489,w_817d53c
2490,w_818f08c
2491,w_8193215
2492,w_81aa796
2493,w_81b2e1e
2494,w_81c7c90
2495,w_81d1ff9
2496,w_81d4bd6
2497,w_81d807a
2498,w_81da9a5
2499,w_81eb375
2500,w_81ee2ec
2501,w_81eee24
2502,w_81f8d47
2503,w_8230e8f
2504,w_82479e4
2505,w_82481c1
2506,w_825910b
2507,w_8261f4d
2508,w_8279f22
2509,w_8284c0b
2510,w_82ba482
2511,w_82c744e
2512,w_82d50c5
2513,w_82d886f
2514,w_82de056
2515,w_82e5785
2516,w_82e7319
2517,w_82fac51
2518,w_8301946
2519,w_8305a19
2520,w_830b95a
2521,w_832917d
2522,w_8340caf
2523,w_835a1eb
2524,w_836581c
2525,w_836e895
2526,w_83869d3
2527,w_83a4279
2528,w_83b2336
2529,w_83cc0ec
2530,w_83d10c1
2531,w_83d1ab6
2532,w_83e8a3e
2533,w_83eaf7e
2534,w_840061a
2535,w_84308d6
2536,w_84343d7
2537,w_8436e69
2538,w_8443156
2539,w_844b91e
2540,w_84714f4
2541,w_84a32d1
2542,w_84b255f
2543,w_84c23bb
2544,w_84d832d
2545,w_84dadae
2546,w_84dbd14
2547,w_84dc8cd
2548,w_84df97b
2549,w_84f08b7
2550,w_84f9ab0
2551,w_8507818
2552,w_85222f9
2553,w_853aa18
2554,w_854c18e
2555,w_857cb95
2556,w_8585e34
2557,w_85923bb
2558,w_859dbc3
2559,w_85a2285
2560,w_85a8d47
2561,w_85b252c
2562,w_85b3564
2563,w_85baa9d
2564,w_85bb73c
2565,w_85c5adf
2566,w_85d152a
2567,w_85d9229
2568,w_85d9e99
2569,w_861e504
2570,w_8620eca
2571,w_865cf80
2572,w_86665cc
2573,w_866f40e
2574,w_86726bc
2575,w_867550f
2576,w_867569a
2577,w_8675aac
2578,w_86918b8
2579,w_86b8f3f
2580,w_86d0c34
2581,w_86ecf59
2582,w_86f34e8
2583,w_86f3e45
2584,w_86fa148
2585,w_871decc
2586,w_872f131
2587,w_8739af5
2588,w_874b395
2589,w_8778b22
2590,w_877de07
2591,w_878f5ba
2592,w_8799716
2593,w_879dcef
2594,w_87b0e69
2595,w_87d3b93
2596,w_87e5b68
2597,w_87ed7a9
2598,w_88065f2
2599,w_881fca8
2600,w_88445b2
2601,w_88503f1
2602,w_887c387
2603,w_888391a
2604,w_888a1ea
2605,w_888d8e3
2606,w_88aca21
2607,w_88adb3a
2608,w_88b2b19
2609,w_88b3466
2610,w_88b3a3d
2611,w_88b981e
2612,w_88bb921
2613,w_88e4537
2614,w_88e4cbf
2615,w_88eaa39
2616,w_88ff97d
2617,w_8936c44
2618,w_894296c
2619,w_8947728
2620,w_896b139
2621,w_89773ab
2622,w_898f02d
2623,w_89948b1
2624,w_89a0473
2625,w_89ad73e
2626,w_89d9699
2627,w_89db63b
2628,w_89e559b
2629,w_89f0c48
2630,w_89f521e
2631,w_89f6097
2632,w_8a06b46
2633,w_8a10a82
2634,w_8a1786f
2635,w_8a1b71c
2636,w_8a235b6
2637,w_8a35001
2638,w_8a4618d
2639,w_8a56270
2640,w_8a6a8d5
2641,w_8a7071c
2642,w_8a71ca4
2643,w_8a9e295
2644,w_8aae94b
2645,w_8ab401c
2646,w_8ac1fd6
2647,w_8ace2d9
2648,w_8ad2534
2649,w_8ad632d
2650,w_8ad8cf1
2651,w_8ae65ef
2652,w_8af65ed
2653,w_8affab2
2654,w_8b03a7f
2655,w_8b05f21
2656,w_8b1f4be
2657,w_8b23e5f
2658,w_8b3a8b3
2659,w_8b3e525
2660,w_8b5a2e4
2661,w_8b61e65
2662,w_8b647d4
2663,w_8b813a5
2664,w_8b83220
2665,w_8b84ad0
2666,w_8b86b95
2667,w_8b8dca8
2668,w_8b8dcf5
2669,w_8b8ef96
2670,w_8b943ef
2671,w_8bc8a32
2672,w_8bcc197
2673,w_8bcf8fc
2674,w_8be0240
2675,w_8be8406
2676,w_8beb9f1
2677,w_8c0e550
2678,w_8c25681
2679,w_8c28a3c
2680,w_8c56684
2681,w_8c6ad69
2682,w_8c83452
2683,w_8c8c45a
2684,w_8c8f8b6
2685,w_8c959a6
2686,w_8ca7f37
2687,w_8cad422
2688,w_8cafcf5
2689,w_8cb5e04
2690,w_8cbe62a
2691,w_8cce8ce
2692,w_8cd5c91
2693,w_8cee3d3
2694,w_8cfabed
2695,w_8d09425
2696,w_8d0a2a2
2697,w_8d0d921
2698,w_8d1a7ba
2699,w_8d33cf5
2700,w_8d4c9f7
2701,w_8d52508
2702,w_8d71480
2703,w_8d76b75
2704,w_8d80478
2705,w_8d8d839
2706,w_8d99f99
2707,w_8d9af77
2708,w_8d9d59a
2709,w_8da30ad
2710,w_8dc6c05
2711,w_8dc893c
2712,w_8dcdb19
2713,w_8dd3f4a
2714,w_8dda2f6
2715,w_8dddbee
2716,w_8de77f8
2717,w_8debfa9
2718,w_8dfedae
2719,w_8e04a78
2720,w_8e174c4
2721,w_8e1cf61
2722,w_8e1e84c
2723,w_8e3a722
2724,w_8e47efa
2725,w_8e58103
2726,w_8e5d8ff
2727,w_8e63d5c
2728,w_8e74601
2729,w_8e88f4f
2730,w_8e92662
2731,w_8e9f047
2732,w_8ea0c7d
2733,w_8ea9f68
2734,w_8eae2c3
2735,w_8eb9c42
2736,w_8ed7a45
2737,w_8ed7da3
2738,w_8eec034
2739,w_8ef82e2
2740,w_8ef9b33
2741,w_8f0c6ed
2742,w_8f1069a
2743,w_8f1a60f
2744,w_8f2943e
2745,w_8f38839
2746,w_8f424c5
2747,w_8f4b1c4
2748,w_8f4d879
2749,w_8f65356
2750,w_8fa8bef
2751,w_8fad4d2
2752,w_8fb247e
2753,w_8fd3810
2754,w_8fda8b2
2755,w_900c68f
2756,w_9021014
2757,w_902d8ef
2758,w_902f8b0
2759,w_9032a74
2760,w_90336d0
2761,w_9037ac5
2762,w_905944f
2763,w_9060d27
2764,w_9072933
2765,w_9078d11
2766,w_9094c50
2767,w_90a2cf7
2768,w_90a7b56
2769,w_90abfeb
2770,w_90c9763
2771,w_90df70c
2772,w_90e9447
2773,w_90edcb6
2774,w_90f0cd0
2775,w_90fb95b
2776,w_91005b3
2777,w_91037a7
2778,w_910831a
2779,w_9109577
2780,w_911384a
2781,w_9119b08
2782,w_9142b9c
2783,w_9143ee7
2784,w_914b110
2785,w_9164e9a
2786,w_916c746
2787,w_917cc49
2788,w_919f33b
2789,w_91a2a20
2790,w_91b4760
2791,w_91b678a
2792,w_91b96c1
2793,w_91c94ad
2794,w_91cc02c
2795,w_91cdea4
2796,w_91dd720
2797,w_91ed407
2798,w_91f13fe
2799,w_921cdae
2800,w_9227ca2
2801,w_922e139
2802,w_9236fb3
2803,w_925332d
2804,w_925bdf6
2805,w_927dcdc
2806,w_927f345
2807,w_9287505
2808,w_928ec6c
2809,w_9297b97
2810,w_92a47eb
2811,w_92ac4b2
2812,w_92c4ea5
2813,w_92cb156
2814,w_92cb6d9
2815,w_92eaff4
2816,w_92f4498
2817,w_92f64ee
2818,w_931b78f
2819,w_9340ca3
2820,w_9353e7c
2821,w_935a516
2822,w_9364343
2823,w_936aa13
2824,w_937830e
2825,w_938701c
2826,w_9387099
2827,w_938ee78
2828,w_939423d
2829,w_939a3c7
2830,w_939a97b
2831,w_93d7617
2832,w_93ef4fa
2833,w_93fcf89
2834,w_93fddcb
2835,w_9407749
2836,w_9423ba4
2837,w_9438119
2838,w_944ac4f
2839,w_94595ec
2840,w_9472e22
2841,w_948268e
2842,w_94863b7
2843,w_9490369
2844,w_94a0d4e
2845,w_94a7669
2846,w_94af7fd
2847,w_94c3bf0
2848,w_94da1e2
2849,w_94dcd2b
2850,w_94e110b
2851,w_94e136e
2852,w_94ea240
2853,w_94f41dc
2854,w_94f4850
2855,w_9525c07
2856,w_952c233
2857,w_953b7b2
2858,w_9541441
2859,w_9544084
2860,w_955bfe2
2861,w_9573686
2862,w_9583b7e
2863,w_958b730
2864,w_9593412
2865,w_95a5270
2866,w_95b6fde
2867,w_95b8b64
2868,w_95c7a6f
2869,w_95c932d
2870,w_95f3c8e
2871,w_95f78f6
2872,w_9614e63
2873,w_961b5c4
2874,w_9634512
2875,w_9645aa9
2876,w_9660cec
2877,w_9664ca8
2878,w_966b510
2879,w_966f46a
2880,w_9696e76
2881,w_9697236
2882,w_96985c1
2883,w_96b94d5
2884,w_96c35cc
2885,w_96c5fe0
2886,w_96c6613
2887,w_96dd362
2888,w_96deb8b
2889,w_96f027d
2890,w_96f893b
2891,w_9712235
2892,w_9713c92
2893,w_9713cc3
2894,w_97146b3
2895,w_9714922
2896,w_971d191
2897,w_971e2c5
2898,w_9728637
2899,w_972e51e
2900,w_972e7db
2901,w_9732911
2902,w_9739508
2903,w_9748a78
2904,w_9749fed
2905,w_974c37d
2906,w_9769f0b
2907,w_9785e30
2908,w_9786485
2909,w_97ba78a
2910,w_97d60b9
2911,w_97d9f33
2912,w_97ec13c
2913,w_97f4b38
2914,w_9800d65
2915,w_981075b
2916,w_98164c0
2917,w_981baf4
2918,w_982f0b3
2919,w_984bb5c
2920,w_9852689
2921,w_985d205
2922,w_986cf31
2923,w_987fb30
2924,w_9884e90
2925,w_9888ce0
2926,w_988d0aa
2927,w_988e8ec
2928,w_989e081
2929,w_98a5e5e
2930,w_98a87a6
2931,w_98b6b97
2932,w_98bac23
2933,w_98cc97d
2934,w_98d094e
2935,w_98d1f63
2936,w_98e83cc
2937,w_98f16af
2938,w_98f2705
2939,w_98fc82f
2940,w_990921b
2941,w_99383ac
2942,w_99545ba
2943,w_9957aed
2944,w_995bdbb
2945,w_996dca0
2946,w_997cda5
2947,w_99a26a3
2948,w_99af1a9
2949,w_99b7ba2
2950,w_99c484f
2951,w_99c4cce
2952,w_99ce0ec
2953,w_99d1f45
2954,w_99d3313
2955,w_99d33cf
2956,w_99d53a9
2957,w_99e43ae
2958,w_99e4fe2
2959,w_99f5a1a
2960,w_99f608a
2961,w_9a17ae9
2962,w_9a1a810
2963,w_9a1f31b
2964,w_9a2b01d
2965,w_9a5bb2d
2966,w_9a77724
2967,w_9a8c7dd
2968,w_9a91c1e
2969,w_9a9a2c8
2970,w_9aa9809
2971,w_9aacaa0
2972,w_9ac40d5
2973,w_9ad05a6
2974,w_9ad3551
2975,w_9ad3618
2976,w_9adf29b
2977,w_9af432a
2978,w_9af8eba
2979,w_9b16b48
2980,w_9b171a8
2981,w_9b1d3d5
2982,w_9b1ee8e
2983,w_9b25161
2984,w_9b3076d
2985,w_9b46d56
2986,w_9b5109b
2987,w_9b565fa
2988,w_9b5d7b1
2989,w_9b69214
2990,w_9b6d9b7
2991,w_9b89c88
2992,w_9b9602c
2993,w_9b99992
2994,w_9ba4a9a
2995,w_9ba6731
2996,w_9bd2794
2997,w_9bde64d
2998,w_9be2d22
2999,w_9be308e
3000,w_9be7408
3001,w_9be951c
3002,w_9bebed8
3003,w_9bedea6
3004,w_9c08fc2
3005,w_9c2f8e2
3006,w_9c506f6
3007,w_9c68fe8
3008,w_9c86f48
3009,w_9c89384
3010,w_9ca67be
3011,w_9ca9776
3012,w_9cc2050
3013,w_9cc2c36
3014,w_9ce3725
3015,w_9cea9cf
3016,w_9cf0388
3017,w_9cff87c
3018,w_9d22d21
3019,w_9d29561
3020,w_9d49420
3021,w_9d56f22
3022,w_9d59121
3023,w_9d5968b
3024,w_9d59be4
3025,w_9d698cf
3026,w_9d6c63d
3027,w_9d840d6
3028,w_9d86594
3029,w_9d95dee
3030,w_9da1811
3031,w_9db1fb1
3032,w_9dbdb42
3033,w_9ddb645
3034,w_9de2647
3035,w_9e020d1
3036,w_9e18daa
3037,w_9e33316
3038,w_9e3859e
3039,w_9e52d87
3040,w_9e5854c
3041,w_9e58786
3042,w_9e591f3
3043,w_9e5c031
3044,w_9e6d17e
3045,w_9e73e1b
3046,w_9e98f50
3047,w_9eab46a
3048,w_9eaef8f
3049,w_9eb2d2a
3050,w_9eb6492
3051,w_9eb9853
3052,w_9eccb4c
3053,w_9ece6cb
3054,w_9ed5f69
3055,w_9ef6147
3056,w_9f02ca1
3057,w_9f13096
3058,w_9f2fb13
3059,w_9f30885
3060,w_9f98ee1
3061,w_9f9f220
3062,w_9fac3c2
3063,w_9fb95f6
3064,w_9fc06d4
3065,w_9fd6fe7
3066,w_9fe60cd
3067,w_9fecf9d
3068,w_9ff0b7b
3069,w_9ffc9aa
3070,w_a009604
3071,w_a023497
3072,w_a0265bd
3073,w_a046389
3074,w_a05181b
3075,w_a0534e5
3076,w_a053e56
3077,w_a053ed9
3078,w_a059841
3079,w_a074110
3080,w_a08f3cd
3081,w_a0c732f
3082,w_a0f456b
3083,w_a0fcfc1
3084,w_a10e633
3085,w_a113b33
3086,w_a11932d
3087,w_a123aa1
3088,w_a13c09d
3089,w_a13f1d0
3090,w_a16169d
3091,w_a165159
3092,w_a1756d9
3093,w_a17b628
3094,w_a190a88
3095,w_a1a4bb2
3096,w_a1b7b83
3097,w_a1d016d
3098,w_a1e3bc9
3099,w_a2158b8
3100,w_a24d7b7
3101,w_a26cf66
3102,w_a27f93b
3103,w_a283c8c
3104,w_a2a40d2
3105,w_a2aaf01
3106,w_a2b9ae8
3107,w_a2f8488
3108,w_a3181a0
3109,w_a31ead9
3110,w_a32ff7f
3111,w_a331c8b
3112,w_a335fc2
3113,w_a33b6d6
3114,w_a33d1c0
3115,w_a33ed90
3116,w_a34d26b
3117,w_a354653
3118,w_a371235
3119,w_a375d95
3120,w_a37815c
3121,w_a386d0b
3122,w_a3b1a48
3123,w_a3bb16b
3124,w_a3cbe89
3125,w_a3ce1d5
3126,w_a3d2008
3127,w_a3d86da
3128,w_a3dc2bd
3129,w_a3e2d0f
3130,w_a3eaca5
3131,w_a404c77
3132,w_a40f40a
3133,w_a41147a
3134,w_a4140a6
3135,w_a415092
3136,w_a4162d6
3137,w_a421b77
3138,w_a42c505
3139,w_a473267
3140,w_a47dc2d
3141,w_a4826eb
3142,w_a486bde
3143,w_a48fa24
3144,w_a491df7
3145,w_a49508b
3146,w_a4a0867
3147,w_a4ac5dd
3148,w_a4b73a0
3149,w_a4d7e8f
3150,w_a4fb1d8
3151,w_a548534
3152,w_a54ea89
3153,w_a586dce
3154,w_a589923
3155,w_a58d6d5
3156,w_a5a002f
3157,w_a5a0a57
3158,w_a5b6ea7
3159,w_a5c74f4
3160,w_a5e109b
3161,w_a5e6557
3162,w_a5f74b2
3163,w_a6067a9
3164,w_a60f405
3165,w_a6125c4
3166,w_a616378
3167,w_a61a47c
3168,w_a63cd8d
3169,w_a65abbf
3170,w_a6703dd
3171,w_a67b4e6
3172,w_a684b05
3173,w_a687883
3174,w_a689d7a
3175,w_a68bac6
3176,w_a68cf64
3177,w_a69ac05
3178,w_a69f0ee
3179,w_a6a1bea
3180,w_a6a732d
3181,w_a6d6964
3182,w_a6de601
3183,w_a6df3a5
3184,w_a6eaf8d
3185,w_a6ef5a6
3186,w_a6f9d33
3187,w_a7067d1
3188,w_a70b90b
3189,w_a7196c0
3190,w_a71d6bf
3191,w_a743e09
3192,w_a763725
3193,w_a76f0b7
3194,w_a770c8f
3195,w_a7757d4
3196,w_a7806ad
3197,w_a780b2d
3198,w_a79a828
3199,w_a79e00d
3200,w_a79e4fc
3201,w_a7d01cb
3202,w_a7e3d55
3203,w_a7ef9a5
3204,w_a8276b4
3205,w_a84be0c
3206,w_a86c082
3207,w_a87ec7e
3208,w_a88c767
3209,w_a88f2c1
3210,w_a893faf
3211,w_a8a52de
3212,w_a8a6e1f
3213,w_a8b0ec1
3214,w_a8b34a0
3215,w_a8b65e2
3216,w_a8c2847
3217,w_a8d79b6
3218,w_a8d89df
3219,w_a8ebc69
3220,w_a8f7906
3221,w_a8fa5f2
3222,w_a8fcebc
3223,w_a90164b
3224,w_a915a6f
3225,w_a923a6c
3226,w_a92e68e
3227,w_a9304b9
3228,w_a933a19
3229,w_a939b64
3230,w_a94396f
3231,w_a94ea72
3232,w_a95c680
3233,w_a96ebe6
3234,w_a981164
3235,w_a9822dd
3236,w_a9a3878
3237,w_a9a4878
3238,w_aa02b8b
3239,w_aa0bd3b
3240,w_aa0dacc
3241,w_aa2d6fc
3242,w_aa32f70
3243,w_aa3489d
3244,w_aa45520
3245,w_aa47677
3246,w_aa585b1
3247,w_aa5d5e3
3248,w_aa756f0
3249,w_aa9f4b2
3250,w_aabdf8c
3251,w_aae50c8
3252,w_aae547d
3253,w_aaf3463
3254,w_aaf5ab5
3255,w_ab02160
3256,w_ab10c70
3257,w_ab2ac77
3258,w_ab2f0eb
3259,w_ab41d9b
3260,w_ab44ae4
3261,w_ab44c81
3262,w_ab629bb
3263,w_ab643d1
3264,w_ab6f34e
3265,w_ab7c369
3266,w_ab8af2b
3267,w_abb3ee6
3268,w_abba153
3269,w_abc5af2
3270,w_abc82c3
3271,w_abd456f
3272,w_abd9d0b
3273,w_abeab1e
3274,w_abee142
3275,w_abf0b13
3276,w_abf193d
3277,w_abfccb7
3278,w_abfdd10
3279,w_ac0f6c4
3280,w_ac2574c
3281,w_ac26398
3282,w_ac2c28e
3283,w_ac2df91
3284,w_ac33bfe
3285,w_ac51301
3286,w_ac5aa34
3287,w_ac608c7
3288,w_ac73445
3289,w_ac80688
3290,w_ac835f9
3291,w_ac867fb
3292,w_ac90846
3293,w_ac910d6
3294,w_ac97190
3295,w_acba807
3296,w_acbedef
3297,w_accb0cb
3298,w_acd217a
3299,w_ace2814
3300,w_acf8fd1
3301,w_acfc8c1
3302,w_ad01432
3303,w_ad072b0
3304,w_ad2bb89
3305,w_ad343a6
3306,w_ad3a043
3307,w_ad672ce
3308,w_ad6a6ca
3309,w_ad6df15
3310,w_ad7b758
3311,w_ad880b8
3312,w_ad88c85
3313,w_adb1dff
3314,w_adcaf2a
3315,w_addd610
3316,w_adedd1f
3317,w_ae09e99
3318,w_ae1634e
3319,w_ae19ff0
3320,w_ae24bd1
3321,w_ae32f8b
3322,w_ae393cd
3323,w_ae536d6
3324,w_ae53e45
3325,w_ae6ac74
3326,w_ae70500
3327,w_ae73598
3328,w_ae7887b
3329,w_ae83866
3330,w_ae83a65
3331,w_ae8982d
3332,w_ae8bd64
3333,w_ae924d9
3334,w_aea4301
3335,w_aeabde9
3336,w_aebdb5f
3337,w_aec2b6d
3338,w_aee06ab
3339,w_aee1ccf
3340,w_aee6701
3341,w_aee9487
3342,w_af294f7
3343,w_af367c3
3344,w_af48048
3345,w_af493e1
3346,w_af520bd
3347,w_af5d5e3
3348,w_af7a56f
3349,w_af8df07
3350,w_af9b524
3351,w_afabbbc
3352,w_afb4a42
3353,w_afcf807
3354,w_afdac76
3355,w_afe18e4
3356,w_afe2b56
3357,w_b003eb0
3358,w_b00d1a7
3359,w_b012783
3360,w_b019a50
3361,w_b02ac52
3362,w_b02f567
3363,w_b037216
3364,w_b0446cd
3365,w_b04e97f
3366,w_b07ec5d
3367,w_b096c92
3368,w_b09e884
3369,w_b0cadc0
3370,w_b0d1046
3371,w_b0f07c7
3372,w_b0ffd3b
3373,w_b101c26
3374,w_b10d81a
3375,w_b128587
3376,w_b1330fd
3377,w_b1461a9
3378,w_b164c63
3379,w_b17471a
3380,w_b18df25
3381,w_b19f2f9
3382,w_b1a3345
3383,w_b1abd47
3384,w_b1b2f0f
3385,w_b1be75f
3386,w_b1c5c0b
3387,w_b1c8a8b
3388,w_b1d49c5
3389,w_b1dbfd3
3390,w_b1e0959
3391,w_b1ea71c
3392,w_b1f637e
3393,w_b200738
3394,w_b20b425
3395,w_b210a87
3396,w_b21cfe4
3397,w_b230d25
3398,w_b2341d4
3399,w_b23555d
3400,w_b2606f3
3401,w_b264d2a
3402,w_b26717d
3403,w_b26e855
3404,w_b27b6c6
3405,w_b28898a
3406,w_b2a4769
3407,w_b2af5eb
3408,w_b2bc0c9
3409,w_b2bc537
3410,w_b2e75dc
3411,w_b30acf8
3412,w_b311fb6
3413,w_b3196aa
3414,w_b3197c6
3415,w_b330c85
3416,w_b34830b
3417,w_b35b19d
3418,w_b384a00
3419,w_b385045
3420,w_b389fe8
3421,w_b38d36d
3422,w_b38f64b
3423,w_b397217
3424,w_b39aff5
3425,w_b39cbc8
3426,w_b3afb40
3427,w_b3b887d
3428,w_b3c3fa5
3429,w_b3ca4b7
3430,w_b3cde16
3431,w_b3cf11e
3432,w_b3cfa1d
3433,w_b3df6bf
3434,w_b3e089d
3435,w_b3e445e
3436,w_b403feb
3437,w_b420d45
3438,w_b421a6a
3439,w_b421d21
3440,w_b423e9b
3441,w_b433be9
3442,w_b4396ae
3443,w_b441850
3444,w_b44e89d
3445,w_b45ce21
3446,w_b472b26
3447,w_b475feb
3448,w_b4841bd
3449,w_b48ce14
3450,w_b48de8c
3451,w_b495218
3452,w_b4a7cd2
3453,w_b4ab5b5
3454,w_b4ac550
3455,w_b4b2b67
3456,w_b4c805b
3457,w_b4cf4b1
3458,w_b4d0c14
3459,w_b4db669
3460,w_b4e9da5
3461,w_b4fe6b0
3462,w_b51a226
3463,w_b51e6f6
3464,w_b524f96
3465,w_b535cbd
3466,w_b53bfb7
3467,w_b55fb6e
3468,w_b5657c7
3469,w_b569e70
3470,w_b570fe1
3471,w_b57a7be
3472,w_b5c3634
3473,w_b5c90a5
3474,w_b5cf062
3475,w_b5d45d4
3476,w_b5d72cb
3477,w_b5e13cd
3478,w_b5e6c80
3479,w_b5f7e89
3480,w_b60e861
3481,w_b60ef24
3482,w_b60f441
3483,w_b639aa6
3484,w_b66e1a5
3485,w_b67fcb9
3486,w_b6863f6
3487,w_b6ad668
3488,w_b6ddd17
3489,w_b6de8e1
3490,w_b6e4761
3491,w_b708e98
3492,w_b70c09f
3493,w_b71ac68
3494,w_b72cdc1
3495,w_b72dc3d
3496,w_b7411e8
3497,w_b747aeb
3498,w_b74c24a
3499,w_b77efda
3500,w_b785729
3501,w_b79abd4
3502,w_b7aa4d8
3503,w_b7ad0fb
3504,w_b7b0ad7
3505,w_b7b1472
3506,w_b7babc0
3507,w_b7c9e1e
3508,w_b7cf3f5
3509,w_b7d68af
3510,w_b7dbec2
3511,w_b7e3a9f
3512,w_b7ec7f8
3513,w_b805777
3514,w_b82bea9
3515,w_b8368f2
3516,w_b845c2b
3517,w_b860053
3518,w_b86917d
3519,w_b870e44
3520,w_b874a6f
3521,w_b877008
3522,w_b89b6bf
3523,w_b8a02a2
3524,w_b8a7ee7
3525,w_b8b8383
3526,w_b8e1687
3527,w_b8ee123
3528,w_b8f1666
3529,w_b9131da
3530,w_b919aad
3531,w_b919d77
3532,w_b91bcd4
3533,w_b9264dd
3534,w_b93105d
3535,w_b9373bc
3536,w_b938e96
3537,w_b950c88
3538,w_b953028
3539,w_b95749b
3540,w_b959a0d
3541,w_b96391f
3542,w_b992a50
3543,w_b99f945
3544,w_b9bae7f
3545,w_b9c99cc
3546,w_b9cfccb
3547,w_b9d5945
3548,w_b9d732d
3549,w_b9e5911
3550,w_b9edd7b
3551,w_b9ee9d1
3552,w_ba01717
3553,w_ba0751c
3554,w_ba2bbbb
3555,w_ba3c7af
3556,w_ba4f96c
3557,w_ba62b79
3558,w_ba668da
3559,w_ba77e9c
3560,w_ba8f93b
3561,w_ba9804a
3562,w_bab0057
3563,w_bab14fa
3564,w_bacd6f4
3565,w_bace126
3566,w_bad166a
3567,w_bafa095
3568,w_bafb1e8
3569,w_bb086fc
3570,w_bb08804
3571,w_bb2c919
3572,w_bb2cbcf
3573,w_bb443aa
3574,w_bb4f52e
3575,w_bb56867
3576,w_bb6217a
3577,w_bb7d9d5
3578,w_bb9306c
3579,w_bb9497e
3580,w_bbdfec9
3581,w_bbe79c3
3582,w_bbe90c0
3583,w_bbfce38
3584,w_bc022c6
3585,w_bc101a3
3586,w_bc1519b
3587,w_bc2369c
3588,w_bc285a6
3589,w_bc28a13
3590,w_bc4da71
3591,w_bc511b5
3592,w_bc57d81
3593,w_bc5dbf9
3594,w_bc6171b
3595,w_bc62c27
3596,w_bc65e7f
3597,w_bc677de
3598,w_bc733ec
3599,w_bc7de9f
3600,w_bc9188e
3601,w_bca4304
3602,w_bcb2fe3
3603,w_bcba9e8
3604,w_bcf69e9
3605,w_bd06bf9
3606,w_bd1c3d5
3607,w_bd25728
3608,w_bd26110
3609,w_bd488f9
3610,w_bd4c2f4
3611,w_bd4e5dd
3612,w_bd572cf
3613,w_bd73f1d
3614,w_bd80cf2
3615,w_bd9f354
3616,w_bda67e7
3617,w_bdb0a25
3618,w_bdb3a05
3619,w_bdd8ce5
3620,w_bdded04
3621,w_bde0cd0
3622,w_bde88d5
3623,w_bdea26c
3624,w_bdf0447
3625,w_bdf9612
3626,w_bdfd856
3627,w_be06898
3628,w_be1a38b
3629,w_be1dbc1
3630,w_be1f602
3631,w_be235cb
3632,w_be28cde
3633,w_be2ce29
3634,w_be36790
3635,w_be3f623
3636,w_be4f189
3637,w_be5615a
3638,w_be5ee58
3639,w_be65810
3640,w_be6e58a
3641,w_be776c7
3642,w_be78b58
3643,w_beb062d
3644,w_bec9c95
3645,w_bece5a4
3646,w_bee8a00
3647,w_bef0a5d
3648,w_bef2a3f
3649,w_bef54e9
3650,w_bf2b915
3651,w_bf2ee79
3652,w_bf33ddf
3653,w_bf39602
3654,w_bf41c21
3655,w_bf46204
3656,w_bf5403e
3657,w_bf7c89a
3658,w_bf844e6
3659,w_bf960fa
3660,w_bfae26b
3661,w_bfb6262
3662,w_bfbf205
3663,w_bfcad53
3664,w_bfd6858
3665,w_bfe6992
3666,w_bfe77d0
3667,w_bfed9c6
3668,w_bff3c3b
3669,w_c014421
3670,w_c01b2e9
3671,w_c01c1f4
3672,w_c028816
3673,w_c057db0
3674,w_c058057
3675,w_c063530
3676,w_c06798f
3677,w_c073f96
3678,w_c097a16
3679,w_c0a6881
3680,w_c0b01ea
3681,w_c0bf8f8
3682,w_c0c4587
3683,w_c0c5cae
3684,w_c0d11da
3685,w_c0d8dcd
3686,w_c0e2505
3687,w_c0e27e9
3688,w_c0f1e04
3689,w_c10fcb2
3690,w_c11f9d8
3691,w_c144f80
3692,w_c148ab4
3693,w_c156d0a
3694,w_c158581
3695,w_c16cb2c
3696,w_c170c5d
3697,w_c172767
3698,w_c178056
3699,w_c178f34
3700,w_c17a2d4
3701,w_c183657
3702,w_c18dafe
3703,w_c190aa8
3704,w_c190c60
3705,w_c1acf72
3706,w_c1b34d2
3707,w_c1bab16
3708,w_c1c5512
3709,w_c1d2d7f
3710,w_c1d2fbe
3711,w_c1e1867
3712,w_c1efffb
3713,w_c200e52
3714,w_c20b4e0
3715,w_c2372df
3716,w_c2397a4
3717,w_c2426a1
3718,w_c2524c4
3719,w_c25d2d1
3720,w_c25deb9
3721,w_c262606
3722,w_c2677ee
3723,w_c2749eb
3724,w_c27588a
3725,w_c27e664
3726,w_c27ee06
3727,w_c2873ef
3728,w_c2a1bc4
3729,w_c2c1e28
3730,w_c2c20eb
3731,w_c2de607
3732,w_c31e72f
3733,w_c371f0d
3734,w_c379d78
3735,w_c380132
3736,w_c38eb22
3737,w_c3bed1a
3738,w_c3c0d22
3739,w_c3ccec5
3740,w_c3d896a
3741,w_c3e88ae
3742,w_c40419a
3743,w_c405fe4
3744,w_c4232a3
3745,w_c465f0b
3746,w_c481650
3747,w_c4862bb
3748,w_c49a22d
3749,w_c49e344
3750,w_c4b02b0
3751,w_c4bb2c6
3752,w_c4c380f
3753,w_c4e658b
3754,w_c4ebf9e
3755,w_c4f01e2
3756,w_c4faf7d
3757,w_c509e1e
3758,w_c5260b8
3759,w_c536a4a
3760,w_c554b6f
3761,w_c55519c
3762,w_c55c51d
3763,w_c562eba
3764,w_c563492
3765,w_c566a3d
3766,w_c56fefc
3767,w_c5935ae
3768,w_c59d4b1
3769,w_c59d924
3770,w_c5a7b38
3771,w_c5afe0e
3772,w_c5b80f9
3773,w_c5b8268
3774,w_c5bb7bb
3775,w_c5c01af
3776,w_c5dbf98
3777,w_c5e1472
3778,w_c5e8495
3779,w_c5ec693
3780,w_c5ed5fe
3781,w_c5ee28a
3782,w_c616473
3783,w_c61a67b
3784,w_c62ac72
3785,w_c62ca3a
3786,w_c63c580
3787,w_c63fd83
3788,w_c640984
3789,w_c650bde
3790,w_c650f39
3791,w_c67271f
3792,w_c684a38
3793,w_c68b887
3794,w_c69c9be
3795,w_c6a96e1
3796,w_c6b05f1
3797,w_c6b4d61
3798,w_c6c60c8
3799,w_c6c89db
3800,w_c6d4cb6
3801,w_c6d75ff
3802,w_c6d918a
3803,w_c6fe966
3804,w_c70fbcd
3805,w_c713416
3806,w_c720f04
3807,w_c734fa4
3808,w_c73e8e9
3809,w_c751a77
3810,w_c76f8f4
3811,w_c7951e0
3812,w_c797292
3813,w_c7a611a
3814,w_c7a8a7f
3815,w_c7bd8e7
3816,w_c7cda47
3817,w_c7d8935
3818,w_c7e2a65
3819,w_c80541e
3820,w_c815410
3821,w_c82b49f
3822,w_c82dafb
3823,w_c84b36b
3824,w_c85ff1e
3825,w_c865cfd
3826,w_c875e45
3827,w_c88caf7
3828,w_c8901c6
3829,w_c896384
3830,w_c89981f
3831,w_c8bbb43
3832,w_c8d05b6
3833,w_c8d5ad5
3834,w_c8e2df4
3835,w_c8f9c4b
3836,w_c928809
3837,w_c92d4a9
3838,w_c94f151
3839,w_c959cae
3840,w_c9628f2
3841,w_c9634dc
3842,w_c98aaad
3843,w_c98f1ad
3844,w_c9a569d
3845,w_c9b4607
3846,w_c9cf75d
3847,w_c9d479f
3848,w_c9ea055
3849,w_c9fbac4
3850,w_c9fc1f5
3851,w_ca11f46
3852,w_ca1d5a8
3853,w_ca66b79
3854,w_ca7089b
3855,w_ca93339
3856,w_cac17d9
3857,w_cac9bdb
3858,w_cad4b47
3859,w_cafaa6f
3860,w_cafe0d0
3861,w_cb0aaf0
3862,w_cb10f79
3863,w_cb4182e
3864,w_cb476e2
3865,w_cb4d3ed
3866,w_cb50f6e
3867,w_cb593df
3868,w_cb622a2
3869,w_cb856e6
3870,w_cb88c1b
3871,w_cb9f118
3872,w_cbaa911
3873,w_cbb15d2
3874,w_cbcb5ed
3875,w_cbd2194
3876,w_cbd5013
3877,w_cbda0d3
3878,w_cbdae16
3879,w_cbeade6
3880,w_cbf576c
3881,w_cc00be9
3882,w_cc07b1d
3883,w_cc09685
3884,w_cc1784d
3885,w_cc57ddc
3886,w_cc79b6c
3887,w_cc849d4
3888,w_cc85af7
3889,w_cc86d58
3890,w_cc9dfb5
3891,w_ccc26ea
3892,w_ccf1342
3893,w_ccf3551
3894,w_cd1905a
3895,w_cd28f56
3896,w_cd2d796
3897,w_cd4cb49
3898,w_cd645e4
3899,w_cd6743e
3900,w_cd99382
3901,w_cd9dec7
3902,w_cda3971
3903,w_cda8eb8
3904,w_cdb8e7f
3905,w_cdc4a40
3906,w_cdc55a8
3907,w_cdd2642
3908,w_cde1082
3909,w_cdeac94
3910,w_cdf834e
3911,w_ce16eea
3912,w_ce1aed8
3913,w_ce1bf27
3914,w_ce352a8
3915,w_ce44322
3916,w_ce4d993
3917,w_ce59977
3918,w_ce5c5eb
3919,w_ce66f9a
3920,w_ce67c4c
3921,w_ce72e73
3922,w_ce8906f
3923,w_ce8aa12
3924,w_ceda389
3925,w_cee684e
3926,w_cef693e
3927,w_cef8ce0
3928,w_cefd512
3929,w_cf1551f
3930,w_cf18ab7
3931,w_cf1e889
3932,w_cf25b84
3933,w_cf31c86
3934,w_cf35076
3935,w_cf4178c
3936,w_cf5335b
3937,w_cf5d69c
3938,w_cf5e3ee
3939,w_cf88f4b
3940,w_cf8cd88
3941,w_cf8ce56
3942,w_cf9055c
3943,w_cf9207f
3944,w_cfa9fb2
3945,w_cfae8d8
3946,w_cfba5e0
3947,w_cfcace7
3948,w_cfce505
3949,w_cfdd1c0
3950,w_cfe7928
3951,w_cfeb24b
3952,w_cff6c83
3953,w_cff7fde
3954,w_cffd90e
3955,w_d006897
3956,w_d007a72
3957,w_d01f587
3958,w_d02f064
3959,w_d0475b2
3960,w_d04bca1
3961,w_d0528f6
3962,w_d055e5f
3963,w_d05827c
3964,w_d0589c5
3965,w_d05fc81
3966,w_d063697
3967,w_d066c0a
3968,w_d066f46
3969,w_d06e2d0
3970,w_d0728b9
3971,w_d09a047
3972,w_d0a7600
3973,w_d0b330d
3974,w_d0bf381
3975,w_d0bfef3
3976,w_d0ce152
3977,w_d0e6e7d
3978,w_d0fd41c
3979,w_d108da5
3980,w_d10cf66
3981,w_d10d0c5
3982,w_d11ce9a
3983,w_d1207d9
3984,w_d12e2eb
3985,w_d12f2a0
3986,w_d13848b
3987,w_d140497
3988,w_d14059c
3989,w_d1518b9
3990,w_d15d8c5
3991,w_d15dd0b
3992,w_d1696f9
3993,w_d16eb60
3994,w_d17b0c5
3995,w_d17d229
3996,w_d18083c
3997,w_d1836e5
3998,w_d1b3a00
3999,w_d1e0f06
4000,w_d1f7ea7
4001,w_d210085
4002,w_d217ab7
4003,w_d223b2e
4004,w_d22e12a
4005,w_d236b51
4006,w_d23bd09
4007,w_d240f68
4008,w_d24ae04
4009,w_d24c654
4010,w_d284505
4011,w_d285a7a
4012,w_d287825
4013,w_d2a35ca
4014,w_d2b440e
4015,w_d2b7856
4016,w_d2c2be0
4017,w_d2d7c5d
4018,w_d2e4f28
4019,w_d307d9d
4020,w_d31f7e6
4021,w_d3311fa
4022,w_d3332dc
4023,w_d33bc7f
4024,w_d351889
4025,w_d357277
4026,w_d3582f2
4027,w_d3734df
4028,w_d3b1733
4029,w_d3b46e7
4030,w_d3b48ef
4031,w_d3b6c6b
4032,w_d3baa35
4033,w_d3cb902
4034,w_d3d9c3c
4035,w_d3e323d
4036,w_d3e3b56
4037,w_d3e4d19
4038,w_d3e5689
4039,w_d3e9662
4040,w_d405854
4041,w_d40e29c
4042,w_d4211d9
4043,w_d44dfdc
4044,w_d4661be
4045,w_d48dfda
4046,w_d494351
4047,w_d4999d4
4048,w_d49d4d7
4049,w_d4b1766
4050,w_d4bc4ff
4051,w_d4c24e6
4052,w_d4c30a9
4053,w_d4d46bf
4054,w_d4e9763
4055,w_d4fc12d
4056,w_d51cb28
4057,w_d52a837
4058,w_d542101
4059,w_d573a68
4060,w_d576dff
4061,w_d5874a4
4062,w_d588ecb
4063,w_d588fb4
4064,w_d593be8
4065,w_d5a4a41
4066,w_d5bbfbc
4067,w_d5c0064
4068,w_d5d084c
4069,w_d5d111d
4070,w_d5e0aba
4071,w_d602efb
4072,w_d603939
4073,w_d609d41
4074,w_d6283ba
4075,w_d63c8d1
4076,w_d64a9fa
4077,w_d64c2ec
4078,w_d6553ba
4079,w_d658a66
4080,w_d6666c9
4081,w_d66d8f4
4082,w_d68c135
4083,w_d68cf7c
4084,w_d6907f5
4085,w_d6a2ad8
4086,w_d6aa3f3
4087,w_d6c1d80
4088,w_d6ca28d
4089,w_d6d2e4f
4090,w_d6d5928
4091,w_d6d89ed
4092,w_d6f0be4
4093,w_d6f61cb
4094,w_d6fde02
4095,w_d71289d
4096,w_d71a790
4097,w_d72771c
4098,w_d73c048
4099,w_d74498b
4100,w_d76f21b
4101,w_d77337e
4102,w_d786f52
4103,w_d7998d1
4104,w_d7aad03
4105,w_d7aef56
4106,w_d7b6f17
4107,w_d7bfad6
4108,w_d7ef410
4109,w_d803cef
4110,w_d829778
4111,w_d83d524
4112,w_d84afa9
4113,w_d853d93
4114,w_d869993
4115,w_d875f4d
4116,w_d87f911
4117,w_d892cd9
4118,w_d89acf0
4119,w_d8a08f8
4120,w_d8a47de
4121,w_d8ae71c
4122,w_d8b4a5d
4123,w_d8b5bb4
4124,w_d8cb231
4125,w_d8d0dd9
4126,w_d8dda8d
4127,w_d8de44c
4128,w_d8fb98d
4129,w_d907b6c
4130,w_d909f72
4131,w_d90a890
4132,w_d91feb2
4133,w_d92b4c4
4134,w_d9405b3
4135,w_d945006
4136,w_d947e85
4137,w_d94fa7a
4138,w_d953953
4139,w_d962e2b
4140,w_d976668
4141,w_d97c490
4142,w_d980663
4143,w_d98ba44
4144,w_d9993ee
4145,w_d9a3c6e
4146,w_d9aecac
4147,w_d9c78ee
4148,w_d9c9d8d
4149,w_d9cdc09
4150,w_d9d1e17
4151,w_d9e7ed3
4152,w_d9f8641
4153,w_da011a1
4154,w_da04408
4155,w_da08395
4156,w_da15b9b
4157,w_da15e00
4158,w_da16ee8
4159,w_da2cf74
4160,w_da2d813
4161,w_da3106e
4162,w_da40b39
4163,w_da443d9
4164,w_da577dd
4165,w_da5b8fe
4166,w_da8166c
4167,w_dab2353
4168,w_dadaa2e
4169,w_dadc1a5
4170,w_dae7ff7
4171,w_daeba33
4172,w_daf857f
4173,w_db0027e
4174,w_db0c461
4175,w_db0c7fd
4176,w_db1b545
4177,w_db1f3de
4178,w_db2d2ac
4179,w_db2d591
4180,w_db30d65
4181,w_db38863
4182,w_db3cfa4
4183,w_db4284b
4184,w_db484db
4185,w_db491c8
4186,w_db602dc
4187,w_db68456
4188,w_db86325
4189,w_db88b61
4190,w_db96784
4191,w_dba1c08
4192,w_dbf6385
4193,w_dbf651b
4194,w_dbf7f76
4195,w_dc14a8e
4196,w_dc23fbc
4197,w_dc27ce9
4198,w_dc3e9cc
4199,w_dc4c211
4200,w_dc56028
4201,w_dc642b6
4202,w_dc651ad
4203,w_dc662ea
4204,w_dc76f1c
4205,w_dc7d6d7
4206,w_dc94d80
4207,w_dc97eed
4208,w_dc9d8ae
4209,w_dcb4b9a
4210,w_dcc14b3
4211,w_dcc6f42
4212,w_dccbb2e
4213,w_dcd9088
4214,w_dcdcc9d
4215,w_dce66a9
4216,w_dced3f2
4217,w_dcee281
4218,w_dcefb3f
4219,w_dd00c66
4220,w_dd04e32
4221,w_dd08014
4222,w_dd18ea8
4223,w_dd2873f
4224,w_dd4cd65
4225,w_dd54cb2
4226,w_dd677ef
4227,w_dd6dddf
4228,w_dd79a10
4229,w_dd80742
4230,w_dd837b1
4231,w_dd88965
4232,w_dd944b7
4233,w_ddb514d
4234,w_ddb62c2
4235,w_ddc5518
4236,w_ddf876d
4237,w_ddff916
4238,w_de03861
4239,w_de09116
4240,w_de1dc14
4241,w_de3713f
4242,w_de657c1
4243,w_de8def8
4244,w_dea042e
4245,w_dea40e2
4246,w_dea6580
4247,w_deacb11
4248,w_deb9471
4249,w_dec3c84
4250,w_dec7ffd
4251,w_dec9108
4252,w_decafbd
4253,w_decd606
4254,w_ded2682
4255,w_ded330f
4256,w_deda5f7
4257,w_dee1053
4258,w_dee1b17
4259,w_dee8b12
4260,w_deedca6
4261,w_df1cc01
4262,w_df1f698
4263,w_df27de9
4264,w_df32eec
4265,w_df3b4cf
4266,w_df487e8
4267,w_df4b60a
4268,w_df54dcb
4269,w_df5bf3d
4270,w_df6b050
4271,w_df6efd0
4272,w_df71327
4273,w_df81c5d
4274,w_df86a42
4275,w_dfb57cc
4276,w_dfbf100
4277,w_dfc200b
4278,w_dfc9865
4279,w_dfd0ae8
4280,w_dfdfeeb
4281,w_dfe2ab5
4282,w_dfe485f
4283,w_dff32c6
4284,w_e008923
4285,w_e010426
4286,w_e014c37
4287,w_e01be7a
4288,w_e022d1b
4289,w_e026c82
4290,w_e038ff1
4291,w_e04d084
4292,w_e05c1a2
4293,w_e05e755
4294,w_e069b6a
4295,w_e06d673
4296,w_e07b79f
4297,w_e08506c
4298,w_e090471
4299,w_e096f02
4300,w_e09baaa
4301,w_e0a42ad
4302,w_e0b6a42
4303,w_e0ca4f5
4304,w_e0cf908
4305,w_e0d3a78
4306,w_e0ed636
4307,w_e0f37d9
4308,w_e0f4a42
4309,w_e0f635c
4310,w_e101093
4311,w_e107383
4312,w_e11afff
4313,w_e129173
4314,w_e132302
4315,w_e13f4e8
4316,w_e142c82
4317,w_e145c7a
4318,w_e164857
4319,w_e16924b
4320,w_e1702d4
4321,w_e19a641
4322,w_e19c1d6
4323,w_e1af623
4324,w_e1b8378
4325,w_e1c5b57
4326,w_e1c796a
4327,w_e1c9a18
4328,w_e1f57e7
4329,w_e20ff88
4330,w_e210cb5
4331,w_e21819b
4332,w_e21b629
4333,w_e22b55f
4334,w_e2372d6
4335,w_e244fc3
4336,w_e2530bf
4337,w_e2561dd
4338,w_e25b062
4339,w_e26e0fc
4340,w_e26eb46
4341,w_e27bbf6
4342,w_e29ed08
4343,w_e2a09d4
4344,w_e2b0292
4345,w_e2c24d2
4346,w_e2d8b09
4347,w_e2e33b2
4348,w_e2e7384
4349,w_e2ef16f
4350,w_e2fd1e1
4351,w_e3056e9
4352,w_e31480f
4353,w_e329a65
4354,w_e32ad9c
4355,w_e33e588
4356,w_e34ff4a
4357,w_e3582ac
4358,w_e36b021
4359,w_e36fb17
4360,w_e3956f5
4361,w_e39f7d5
4362,w_e3c4772
4363,w_e3ceadb
4364,w_e3ced4e
4365,w_e3e617e
4366,w_e3fb839
4367,w_e42007e
4368,w_e4502b3
4369,w_e45491e
4370,w_e47e686
4371,w_e486063
4372,w_e493834
4373,w_e49ade7
4374,w_e4ae199
4375,w_e4b4611
4376,w_e4d305b
4377,w_e4d326a
4378,w_e4ed810
4379,w_e50e9f9
4380,w_e51c0e9
4381,w_e5203ea
4382,w_e52ff99
4383,w_e533679
4384,w_e53ba4a
4385,w_e53bb95
4386,w_e54d8f6
4387,w_e568f47
4388,w_e5978cf
4389,w_e5ab551
4390,w_e5ad760
4391,w_e5af4aa
4392,w_e5b21c0
4393,w_e5c28c9
4394,w_e5d087b
4395,w_e5e6490
4396,w_e6264df
4397,w_e6325d7
4398,w_e63ea91
4399,w_e6450bc
4400,w_e64c432
4401,w_e64cf9a
4402,w_e64d9d1
4403,w_e65051b
4404,w_e65664f
4405,w_e66ac81
4406,w_e66ced8
4407,w_e68c38c
4408,w_e6c320e
4409,w_e6d46e4
4410,w_e6d5621
4411,w_e6d9cdd
4412,w_e6dfc39
4413,w_e6faba8
4414,w_e6ff725
4415,w_e709b7d
4416,w_e70a3d0
4417,w_e71f9c7
4418,w_e726a9c
4419,w_e732406
4420,w_e738be6
4421,w_e739a48
4422,w_e73cce3
4423,w_e73d9a5
4424,w_e740b27
4425,w_e74475b
4426,w_e759cd6
4427,w_e7699fa
4428,w_e76dcfe
4429,w_e78ecbc
4430,w_e798363
4431,w_e79b4d0
4432,w_e79fed4
4433,w_e7de767
4434,w_e7f704a
4435,w_e818b1a
4436,w_e819d10
4437,w_e85af00
4438,w_e8658e7
4439,w_e86689c
4440,w_e885d82
4441,w_e897a60
4442,w_e8aa833
4443,w_e8ab3c8
4444,w_e8b0946
4445,w_e8b2157
4446,w_e8b5980
4447,w_e8b82f6
4448,w_e8c45dd
4449,w_e8c5ff0
4450,w_e8e08e6
4451,w_e906edd
4452,w_e918d4c
4453,w_e922901
4454,w_e936b45
4455,w_e93b569
4456,w_e94b46a
4457,w_e9605ca
4458,w_e966f36
4459,w_e97509e
4460,w_e9910d5
4461,w_e99e430
4462,w_e99ed06
4463,w_e9a2c15
4464,w_e9b4719
4465,w_e9cf335
4466,w_e9e413e
4467,w_e9ef5e9
4468,w_ea05006
4469,w_ea40c36
4470,w_ea4a7db
4471,w_ea520df
4472,w_ea67beb
4473,w_ea6a7fe
4474,w_ea7a364
4475,w_ea7bbc6
4476,w_ea7bc89
4477,w_ea902fb
4478,w_ea91c50
4479,w_eaa4d20
4480,w_eaaa42f
4481,w_eacf402
4482,w_eacf981
4483,w_ead1f5a
4484,w_ead2fa6
4485,w_eadfd82
4486,w_eae373b
4487,w_eae7e41
4488,w_eae8af4
4489,w_eae91de
4490,w_eae983e
4491,w_eaed433
4492,w_eaf9662
4493,w_eafacda
4494,w_eafeccd
4495,w_eb13108
4496,w_eb3f1ff
4497,w_eba33fb
4498,w_ebad318
4499,w_ebb99e5
4500,w_ebcf899
4501,w_ebdad2e
4502,w_ebdc496
4503,w_ebddbfb
4504,w_ebe9709
4505,w_ebea167
4506,w_ebfbdda
4507,w_ec0d867
4508,w_ec0e6ed
4509,w_ec16cc4
4510,w_ec1eb03
4511,w_ec32fa6
4512,w_ec4299b
4513,w_ec4b5d4
4514,w_ec4bcf9
4515,w_ec63b66
4516,w_ec64e27
4517,w_ec7242a
4518,w_ec77506
4519,w_ec7e60a
4520,w_ec7f1b3
4521,w_ec8ac93
4522,w_ec98537
4523,w_eca61e6
4524,w_ecad2c9
4525,w_ecbd28f
4526,w_ecc8d6c
4527,w_eccd505
4528,w_ecd2318
4529,w_ecd734e
4530,w_ecd9cc4
4531,w_ecdef5e
4532,w_ece94e8
4533,w_eced610
4534,w_ecf39ca
4535,w_ed009d3
4536,w_ed07656
4537,w_ed0ee85
4538,w_ed1c5c2
4539,w_ed1df50
4540,w_ed29ffe
4541,w_ed2b6f5
4542,w_ed2e7d6
4543,w_ed50c26
4544,w_ed5c855
4545,w_ed620af
4546,w_ed95d33
4547,w_edce644
4548,w_eddd5b4
4549,w_ede6c73
4550,w_edf0164
4551,w_edf43c1
4552,w_ee05147
4553,w_ee2326a
4554,w_ee2a1e0
4555,w_ee318d3
4556,w_ee57fc5
4557,w_ee61a1f
4558,w_ee64de3
4559,w_ee76222
4560,w_ee864e4
4561,w_ee9db93
4562,w_eec42d0
4563,w_eee296c
4564,w_eee74c2
4565,w_ef00141
4566,w_ef29036
4567,w_ef30316
4568,w_ef439a1
4569,w_ef5851f
4570,w_ef62b09
4571,w_ef74616
4572,w_ef7824d
4573,w_ef83760
4574,w_efa100e
4575,w_efa6b4a
4576,w_efa895a
4577,w_efaba3b
4578,w_efbdcbc
4579,w_efc0825
4580,w_efc261b
4581,w_efc5e07
4582,w_efcbb06
4583,w_efd4d25
4584,w_efd6a16
4585,w_efe3a39
4586,w_effacfb
4587,w_effbe89
4588,w_f009245
4589,w_f00c99d
4590,w_f011b98
4591,w_f0184c0
4592,w_f01ade6
4593,w_f035513
4594,w_f056e82
4595,w_f05a1df
4596,w_f06439d
4597,w_f0663e5
4598,w_f06a10d
4599,w_f0708c8
4600,w_f077a03
4601,w_f082806
4602,w_f08d3f7
4603,w_f08fb81
4604,w_f0a5983
4605,w_f0a8b3e
4606,w_f0ba4a2
4607,w_f0d3b4f
4608,w_f0e9af7
4609,w_f0eddab
4610,w_f0fe284
4611,w_f10aaf0
4612,w_f10d0eb
4613,w_f11cbbc
4614,w_f121f0c
4615,w_f128a4d
4616,w_f13f7b3
4617,w_f150d99
4618,w_f15f7be
4619,w_f16afc2
4620,w_f176dcf
4621,w_f182e2a
4622,w_f18a3c9
4623,w_f19aeb4
4624,w_f1acf49
4625,w_f1b6eea
4626,w_f1cd92c
4627,w_f1d2222
4628,w_f1d2902
4629,w_f1eb6cd
4630,w_f1ec368
4631,w_f1ec429
4632,w_f201548
4633,w_f20333d
4634,w_f2075ef
4635,w_f24a2de
4636,w_f24a55c
4637,w_f2571bd
4638,w_f276da3
4639,w_f28a7a2
4640,w_f2b4c34
4641,w_f2d26f2
4642,w_f2dd08f
4643,w_f2e561e
4644,w_f2f7550
4645,w_f2fd557
4646,w_f314516
4647,w_f3179b3
4648,w_f3252ff
4649,w_f339c6d
4650,w_f347577
4651,w_f347709
4652,w_f351d4b
4653,w_f353d20
4654,w_f353d69
4655,w_f353e6a
4656,w_f35e494
4657,w_f37c434
4658,w_f381082
4659,w_f382f59
4660,w_f3887f1
4661,w_f391bb0
4662,w_f39c242
4663,w_f3a12bc
4664,w_f3addb7
4665,w_f3b2948
4666,w_f3b6937
4667,w_f3cf672
4668,w_f3d2e31
4669,w_f3f23d6
4670,w_f408b56
4671,w_f40dfa0
4672,w_f4314f3
4673,w_f437f82
4674,w_f43d7eb
4675,w_f442602
4676,w_f449c3d
4677,w_f459442
4678,w_f4605bf
4679,w_f47f214
4680,w_f48451c
4681,w_f493161
4682,w_f4980e2
4683,w_f4a7ad7
4684,w_f4a9357
4685,w_f4af291
4686,w_f4d8d01
4687,w_f4e69f1
4688,w_f4f3715
4689,w_f4fae33
4690,w_f50b00d
4691,w_f527bd3
4692,w_f546938
4693,w_f56d155
4694,w_f57140c
4695,w_f573d1d
4696,w_f57fb81
4697,w_f58da65
4698,w_f59bb62
4699,w_f5a7f03
4700,w_f5aadde
4701,w_f5baf10
4702,w_f5bf6df
4703,w_f5e6213
4704,w_f5fcb45
4705,w_f602022
4706,w_f6032e9
4707,w_f61b957
4708,w_f629616
4709,w_f62bcba
4710,w_f636f80
4711,w_f64767d
4712,w_f648d33
4713,w_f64d347
4714,w_f6524e1
4715,w_f652809
4716,w_f65a725
4717,w_f666bb4
4718,w_f66ec54
4719,w_f6a16aa
4720,w_f6a5edf
4721,w_f6b8ccb
4722,w_f6bae1a
4723,w_f6c5343
4724,w_f6e5311
4725,w_f6eed29
4726,w_f70465f
4727,w_f70c302
4728,w_f71100b
4729,w_f7193ed
4730,w_f71de1c
4731,w_f73788a
4732,w_f737a6c
4733,w_f74a89e
4734,w_f75dc98
4735,w_f75ed58
4736,w_f765256
4737,w_f7683f6
4738,w_f7702cd
4739,w_f773fbe
4740,w_f77e282
4741,w_f784bac
4742,w_f787e93
4743,w_f78a4b1
4744,w_f793610
4745,w_f793b1f
4746,w_f79ca64
4747,w_f79ebf3
4748,w_f7cb97d
4749,w_f7cd240
4750,w_f7d8d22
4751,w_f7e29b4
4752,w_f7ec202
4753,w_f812227
4754,w_f82777d
4755,w_f829227
4756,w_f8478b9
4757,w_f8511e9
4758,w_f854d6b
4759,w_f864358
4760,w_f86b16b
4761,w_f8746c3
4762,w_f87bc93
4763,w_f892ca8
4764,w_f8b4ea9
4765,w_f8b7f05
4766,w_f8bb266
4767,w_f8c22dc
4768,w_f8dc1cc
4769,w_f9112ac
4770,w_f91aeec
4771,w_f94039d
4772,w_f94d9bb
4773,w_f953704
4774,w_f9707a7
4775,w_f971ecb
4776,w_f992eae
4777,w_f9a9dec
4778,w_f9aab0c
4779,w_f9b13d2
4780,w_f9d1114
4781,w_f9eb808
4782,w_f9fd8f9
4783,w_fa11a3f
4784,w_fa2ec89
4785,w_fa3a41f
4786,w_fa4034b
4787,w_fa478eb
4788,w_fa52b0c
4789,w_fa70157
4790,w_fa7cd91
4791,w_fa84489
4792,w_fa887d3
4793,w_fa8c44c
4794,w_fa955f1
4795,w_faab6df
4796,w_faac069
4797,w_faad2b1
4798,w_faad3f8
4799,w_fad9574
4800,w_fae5d67
4801,w_faf5287
4802,w_fb02461
4803,w_fb0c41f
4804,w_fb3959d
4805,w_fb4f74a
4806,w_fb52b93
4807,w_fb6fbcb
4808,w_fb8e059
4809,w_fb9392c
4810,w_fb98d50
4811,w_fbc7895
4812,w_fbcd329
4813,w_fbcfe1a
4814,w_fbcfe74
4815,w_fbdddd6
4816,w_fbe3f59
4817,w_fbebe60
4818,w_fbf7d73
4819,w_fbfe96b
4820,w_fc0cb69
4821,w_fc10c15
4822,w_fc230fd
4823,w_fc2726b
4824,w_fc6a5a2
4825,w_fc6f897
4826,w_fc83ab4
4827,w_fc90f18
4828,w_fc94e17
4829,w_fcc8a87
4830,w_fccac74
4831,w_fccccec
4832,w_fcdda4c
4833,w_fcf1d68
4834,w_fd0d9a2
4835,w_fd14088
4836,w_fd3a3f0
4837,w_fd3e556
4838,w_fd4376a
4839,w_fd51859
4840,w_fd57399
4841,w_fd6a3ad
4842,w_fd6b0da
4843,w_fd718fb
4844,w_fd906cc
4845,w_fd98539
4846,w_fd99c63
4847,w_fd9d727
4848,w_fdc6e6d
4849,w_fdcaaa8
4850,w_fdd3687
4851,w_fdd5a35
4852,w_fdd9086
4853,w_fdf618d
4854,w_fdfd867
4855,w_fe03daf
4856,w_fe0c54f
4857,w_fe12bec
4858,w_fe15413
4859,w_fe54484
4860,w_fe59266
4861,w_fe87282
4862,w_fe881f2
4863,w_fe8aee2
4864,w_fe8e55c
4865,w_fe95c92
4866,w_fe9eac7
4867,w_fea5f70
4868,w_febd4fe
4869,w_fec331a
4870,w_fec4ddf
4871,w_fec5547
4872,w_fed1938
4873,w_fee1e3e
4874,w_ff1de02
4875,w_ff2157c
4876,w_ff22dd7
4877,w_ff3efba
4878,w_ff5fc91
4879,w_ff6065f
4880,w_ff65f67
4881,w_ff7a4ae
4882,w_ff94900
4883,w_ffa542b
4884,w_ffa6d42
4885,w_ffcf5fe
4886,w_ffe8693
4887,new_whale
