,Width,Height,Frequency
0,77,30,1
1,142,81,1
2,152,47,1
3,164,94,1
4,164,212,1
5,170,80,1
6,175,75,1
7,177,76,2
8,179,77,1
9,183,105,1
10,184,123,1
11,188,81,1
12,190,81,1
13,191,105,1
14,199,117,1
15,200,133,1
16,205,103,1
17,206,88,1
18,213,195,1
19,216,103,1
20,219,94,2
21,222,95,1
22,223,96,1
23,223,100,1
24,226,97,1
25,228,110,1
26,228,152,1
27,229,132,1
28,230,132,1
29,231,70,1
30,231,89,1
31,232,84,1
32,235,101,2
33,237,120,1
34,237,185,1
35,238,159,1
36,240,137,3
37,242,90,1
38,243,139,1
39,244,105,1
40,244,216,1
41,245,105,1
42,245,163,1
43,246,104,1
44,248,142,1
45,251,126,1
46,252,81,1
47,252,108,1
48,252,137,1
49,252,158,1
50,254,78,1
51,255,102,1
52,255,127,1
53,256,147,1
54,257,146,1
55,257,203,1
56,258,147,1
57,259,125,1
58,260,124,1
59,261,140,1
60,263,200,1
61,264,184,1
62,266,114,1
63,266,152,1
64,266,158,1
65,267,109,1
66,267,115,1
67,270,138,1
68,271,111,1
69,275,118,1
70,276,121,1
71,276,161,1
72,277,140,1
73,279,119,1
74,279,186,1
75,281,167,1
76,282,121,1
77,282,128,1
78,282,158,1
79,284,114,1
80,284,162,1
81,286,134,1
82,286,146,1
83,286,282,1
84,286,303,1
85,289,124,1
86,289,577,1
87,290,170,1
88,292,167,1
89,293,186,1
90,294,126,1
91,295,211,1
92,295,214,1
93,296,127,1
94,296,136,1
95,297,124,1
96,298,171,1
97,299,108,1
98,300,126,1
99,301,146,1
100,302,138,1
101,303,125,1
102,305,57,1
103,305,147,1
104,305,218,1
105,306,175,1
106,307,198,1
107,309,131,1
108,309,161,1
109,311,157,1
110,311,177,1
111,312,178,1
112,312,179,1
113,313,134,1
114,315,135,1
115,315,146,1
116,315,180,1
117,316,180,1
118,316,211,1
119,317,169,1
120,317,211,1
121,320,200,1
122,321,157,1
123,321,184,1
124,322,184,2
125,323,380,1
126,324,219,1
127,325,139,1
128,327,72,1
129,327,125,1
130,327,157,1
131,327,187,1
132,328,114,1
133,328,229,1
134,330,188,1
135,330,220,1
136,332,189,1
137,332,266,1
138,334,170,1
139,335,241,1
140,337,151,1
141,338,86,1
142,338,145,1
143,338,156,1
144,340,124,1
145,340,145,1
146,340,165,1
147,340,178,1
148,341,146,3
149,341,183,1
150,342,147,1
151,343,101,1
152,343,147,1
153,343,185,1
154,344,197,1
155,345,148,1
156,346,198,1
157,348,123,1
158,348,149,1
159,349,185,1
160,349,241,1
161,350,333,1
162,351,151,1
163,352,151,1
164,352,276,1
165,353,202,1
166,353,235,1
167,354,125,1
168,356,179,1
169,356,204,1
170,356,325,1
171,357,171,1
172,357,209,1
173,358,145,1
174,358,153,1
175,360,116,1
176,360,154,1
177,360,159,1
178,360,183,1
179,361,155,1
180,361,182,1
181,361,206,1
182,362,128,1
183,362,181,1
184,364,156,1
185,364,182,1
186,365,102,1
187,365,186,1
188,366,120,1
189,366,157,2
190,366,220,1
191,366,244,1
192,367,104,1
193,367,153,1
194,367,236,1
195,371,186,1
196,371,211,1
197,371,236,1
198,372,213,1
199,372,248,1
200,373,169,1
201,373,187,1
202,373,200,1
203,374,160,1
204,374,213,1
205,375,121,1
206,375,146,1
207,375,255,1
208,376,161,1
209,376,162,1
210,376,201,1
211,377,148,1
212,378,151,1
213,379,134,1
214,380,217,1
215,381,254,2
216,382,191,1
217,383,189,1
218,383,311,1
219,384,174,1
220,384,219,1
221,384,256,1
222,384,313,1
223,385,179,1
224,385,206,1
225,386,220,1
226,386,257,1
227,387,126,1
228,387,166,1
229,387,222,1
230,388,166,1
231,388,222,1
232,389,167,1
233,389,296,1
234,391,161,1
235,392,169,1
236,392,261,1
237,393,259,1
238,393,262,2
239,394,225,3
240,394,263,1
241,395,79,1
242,395,168,1
243,395,170,1
244,396,170,1
245,396,201,1
246,396,264,2
247,398,120,1
248,398,202,1
249,399,228,1
250,400,267,1
251,401,172,1
252,401,217,1
253,401,229,1
254,403,153,1
255,403,173,1
256,403,213,1
257,403,269,1
258,404,168,1
259,404,185,1
260,404,199,1
261,404,231,1
262,404,290,1
263,405,174,1
264,405,185,1
265,405,213,1
266,406,166,1
267,406,173,1
268,407,174,1
269,407,219,1
270,408,272,1
271,409,160,1
272,409,175,1
273,409,205,1
274,411,83,1
275,411,201,1
276,412,177,1
277,412,259,1
278,412,275,1
279,413,143,1
280,413,236,1
281,414,177,1
282,415,160,1
283,415,214,1
284,415,277,1
285,416,163,1
286,416,242,1
287,417,187,1
288,417,238,1
289,417,298,1
290,418,179,2
291,419,150,1
292,420,240,2
293,421,131,1
294,421,177,1
295,421,193,1
296,421,241,1
297,421,281,1
298,422,181,3
299,422,241,1
300,422,281,2
301,422,388,1
302,423,152,1
303,423,185,1
304,423,188,1
305,424,201,1
306,425,218,2
307,425,219,3
308,426,180,1
309,427,183,1
310,427,224,1
311,428,171,1
312,428,183,2
313,428,360,1
314,429,218,1
315,429,245,1
316,429,286,1
317,429,302,1
318,430,287,1
319,431,159,1
320,431,185,2
321,431,196,1
322,431,287,1
323,432,185,1
324,432,197,1
325,432,288,1
326,434,289,1
327,435,290,1
328,436,187,1
329,436,249,1
330,437,181,1
331,437,216,1
332,438,188,1
333,438,292,2
334,439,172,1
335,439,188,2
336,439,193,1
337,439,199,1
338,439,251,3
339,439,263,1
340,440,150,1
341,440,252,1
342,441,252,1
343,441,294,1
344,442,190,1
345,443,190,1
346,443,253,1
347,444,190,1
348,444,199,1
349,444,254,1
350,444,265,1
351,445,164,1
352,445,303,1
353,446,255,1
354,446,297,1
355,447,129,1
356,447,273,1
357,448,153,1
358,448,180,1
359,448,308,1
360,449,252,1
361,449,272,1
362,449,299,1
363,449,315,1
364,450,161,1
365,450,193,1
366,450,225,1
367,450,257,1
368,450,272,1
369,450,300,1
370,451,193,2
371,451,258,1
372,451,271,1
373,451,325,1
374,452,197,1
375,452,208,1
376,452,258,4
377,452,291,1
378,453,120,1
379,453,204,1
380,453,259,1
381,453,302,2
382,454,195,1
383,455,211,1
384,456,150,1
385,457,126,1
386,457,208,1
387,457,305,1
388,459,229,1
389,459,262,1
390,459,306,1
391,460,211,1
392,460,230,1
393,460,238,1
394,460,243,1
395,460,262,1
396,460,394,1
397,461,198,2
398,461,263,1
399,462,198,1
400,462,224,1
401,463,264,1
402,464,161,1
403,465,120,1
404,465,199,1
405,465,266,1
406,466,621,1
407,467,311,1
408,469,201,1
409,470,120,1
410,470,171,1
411,470,193,1
412,470,268,1
413,471,135,1
414,471,190,1
415,471,312,1
416,472,187,1
417,472,236,4
418,472,237,5
419,473,203,2
420,473,315,2
421,474,203,3
422,474,270,1
423,474,316,1
424,475,285,1
425,476,159,1
426,476,165,1
427,476,199,1
428,476,272,3
429,476,533,1
430,477,161,1
431,477,204,1
432,477,273,1
433,477,318,1
434,477,421,1
435,478,273,3
436,479,164,1
437,479,274,2
438,479,283,1
439,480,155,1
440,480,240,3
441,481,159,1
442,481,206,1
443,481,321,2
444,483,157,1
445,483,207,2
446,483,322,2
447,484,242,1
448,484,277,2
449,485,208,1
450,485,243,1
451,485,277,2
452,485,278,1
453,486,208,1
454,486,249,1
455,486,277,1
456,487,151,1
457,488,325,2
458,489,175,1
459,489,422,1
460,490,204,1
461,490,210,1
462,490,263,1
463,490,327,2
464,490,395,1
465,491,327,1
466,492,211,1
467,492,328,3
468,492,338,1
469,493,232,1
470,493,282,1
471,493,329,2
472,493,349,1
473,493,369,1
474,494,197,1
475,494,212,1
476,495,176,1
477,495,283,1
478,495,330,1
479,496,140,1
480,496,186,1
481,496,247,1
482,496,248,1
483,496,283,1
484,497,109,1
485,497,129,1
486,497,271,1
487,498,172,1
488,498,332,1
489,499,214,1
490,499,285,1
491,499,363,1
492,499,393,1
493,500,214,2
494,500,279,1
495,500,394,1
496,500,581,1
497,501,215,2
498,501,247,1
499,501,286,1
500,502,251,2
501,503,215,1
502,503,216,2
503,503,257,1
504,503,338,1
505,504,145,1
506,504,174,1
507,504,223,1
508,504,288,2
509,505,211,1
510,505,289,1
511,505,355,1
512,506,289,1
513,506,322,2
514,506,360,1
515,506,361,1
516,507,217,1
517,507,338,1
518,508,209,1
519,508,339,1
520,509,291,1
521,509,306,1
522,509,339,1
523,510,219,1
524,510,232,1
525,510,291,2
526,510,340,3
527,511,293,1
528,512,177,1
529,512,219,1
530,512,242,1
531,512,246,1
532,512,292,2
533,512,293,1
534,513,157,1
535,513,197,1
536,513,220,1
537,513,341,1
538,513,342,2
539,513,390,1
540,514,187,1
541,514,219,1
542,514,251,1
543,514,333,1
544,514,343,1
545,515,191,1
546,516,229,1
547,516,244,1
548,516,314,1
549,516,318,1
550,516,323,1
551,516,324,1
552,516,344,1
553,518,105,1
554,518,345,1
555,518,398,1
556,520,89,1
557,521,126,1
558,521,199,1
559,521,247,1
560,522,166,1
561,522,184,1
562,522,189,1
563,522,227,1
564,522,261,1
565,522,348,3
566,524,191,1
567,524,349,1
568,525,158,1
569,525,189,1
570,525,200,1
571,525,207,1
572,525,255,1
573,525,284,1
574,525,299,2
575,525,300,33
576,525,301,7
577,525,302,2
578,525,304,1
579,525,314,1
580,525,339,1
581,525,340,1
582,525,350,1
583,525,361,1
584,525,375,9
585,525,411,1
586,526,226,1
587,526,285,1
588,526,300,1
589,526,316,1
590,526,351,2
591,527,209,1
592,527,226,1
593,527,301,2
594,527,302,1
595,527,351,1
596,528,226,1
597,528,316,1
598,529,224,1
599,529,227,1
600,529,288,1
601,530,172,1
602,530,225,1
603,530,303,1
604,530,353,1
605,530,355,1
606,530,530,1
607,531,354,2
608,531,402,1
609,532,200,1
610,532,215,1
611,532,304,1
612,532,352,1
613,532,446,1
614,533,298,1
615,533,301,1
616,533,304,1
617,533,305,3
618,533,353,1
619,533,355,1
620,534,187,1
621,534,228,1
622,534,229,1
623,534,267,1
624,534,305,1
625,534,381,1
626,535,229,1
627,535,253,1
628,535,281,1
629,535,305,1
630,535,306,3
631,535,323,1
632,536,159,1
633,536,197,1
634,536,204,1
635,536,258,1
636,536,306,1
637,536,357,2
638,537,307,1
639,537,358,2
640,538,208,1
641,538,231,2
642,538,307,1
643,538,542,1
644,539,308,1
645,539,359,1
646,539,424,1
647,540,230,1
648,540,231,1
649,540,255,1
650,540,270,2
651,540,309,1
652,540,360,1
653,541,186,1
654,541,232,1
655,541,303,1
656,541,309,2
657,542,232,1
658,543,162,1
659,543,233,1
660,543,316,1
661,543,362,1
662,544,219,1
663,544,272,1
664,545,125,1
665,545,233,2
666,545,363,2
667,546,193,1
668,546,219,1
669,546,301,1
670,546,312,1
671,546,349,1
672,546,364,2
673,547,234,1
674,547,235,1
675,547,312,2
676,547,313,1
677,547,365,1
678,548,162,1
679,548,194,1
680,548,235,2
681,548,313,2
682,549,235,1
683,549,298,1
684,549,314,1
685,549,355,1
686,549,366,1
687,550,211,1
688,550,226,1
689,550,319,1
690,550,683,1
691,551,177,1
692,551,315,3
693,552,194,1
694,552,237,2
695,552,315,1
696,552,316,2
697,552,368,2
698,553,171,1
699,553,210,1
700,553,237,3
701,553,246,1
702,553,287,1
703,553,369,1
704,554,219,1
705,554,226,1
706,554,277,2
707,554,285,1
708,554,316,1
709,555,238,1
710,555,278,1
711,555,291,1
712,555,317,1
713,555,396,1
714,556,138,1
715,556,190,1
716,556,278,1
717,556,322,1
718,556,361,1
719,556,371,1
720,557,219,1
721,557,272,1
722,557,318,1
723,557,371,2
724,558,163,1
725,558,229,1
726,558,239,1
727,558,240,1
728,558,318,1
729,558,319,1
730,559,253,1
731,559,319,1
732,559,373,2
733,560,240,3
734,560,320,1
735,560,321,1
736,560,373,1
737,561,241,1
738,561,368,1
739,561,374,1
740,561,400,1
741,561,480,1
742,562,191,1
743,562,241,1
744,562,281,1
745,562,317,1
746,562,321,1
747,562,375,2
748,562,401,1
749,563,241,2
750,563,243,1
751,563,259,1
752,563,319,1
753,563,411,1
754,564,168,1
755,564,219,1
756,564,242,2
757,564,322,1
758,564,357,1
759,565,224,1
760,565,258,1
761,565,303,1
762,565,313,1
763,565,363,1
764,565,415,1
765,566,116,1
766,566,242,1
767,566,377,1
768,566,440,1
769,567,340,1
770,567,378,2
771,567,428,1
772,568,149,1
773,568,248,1
774,568,276,1
775,568,284,1
776,568,287,1
777,568,325,2
778,568,711,1
779,569,177,1
780,569,201,1
781,569,229,1
782,569,244,2
783,569,251,1
784,569,257,1
785,569,288,1
786,569,324,1
787,569,379,1
788,570,194,1
789,570,237,1
790,570,244,1
791,570,270,1
792,570,279,1
793,570,307,1
794,570,326,2
795,570,377,1
796,570,380,1
797,570,424,1
798,570,440,1
799,572,171,1
800,572,178,1
801,572,219,1
802,572,326,1
803,572,327,1
804,572,342,1
805,572,381,3
806,573,253,1
807,573,382,1
808,574,287,1
809,574,328,1
810,574,336,1
811,574,383,1
812,574,543,1
813,575,187,1
814,575,207,1
815,575,302,1
816,575,328,1
817,575,329,1
818,576,256,1
819,576,298,1
820,577,159,1
821,577,236,1
822,577,247,1
823,577,330,1
824,577,342,1
825,577,385,1
826,578,289,1
827,578,330,1
828,578,331,1
829,578,386,1
830,579,228,1
831,579,248,1
832,579,347,1
833,579,386,3
834,580,199,1
835,580,249,1
836,580,311,1
837,580,387,1
838,581,163,1
839,581,190,1
840,581,230,1
841,581,249,1
842,581,257,1
843,581,379,1
844,581,384,1
845,581,427,1
846,582,161,1
847,582,333,1
848,583,250,1
849,583,302,1
850,584,292,1
851,584,334,2
852,585,251,2
853,585,334,2
854,585,418,1
855,586,251,2
856,586,288,1
857,586,293,1
858,586,352,1
859,587,193,1
860,587,235,1
861,587,238,1
862,587,295,1
863,587,335,2
864,587,338,1
865,587,391,1
866,588,154,1
867,588,228,1
868,588,294,2
869,588,336,1
870,589,179,1
871,589,239,1
872,589,243,1
873,589,245,1
874,589,249,1
875,589,337,1
876,589,447,1
877,590,168,1
878,590,265,1
879,590,338,1
880,590,393,1
881,591,224,1
882,592,227,1
883,592,233,1
884,592,251,1
885,592,254,1
886,592,277,1
887,592,330,1
888,592,338,1
889,592,395,1
890,592,396,1
891,592,399,1
892,593,251,1
893,593,287,1
894,593,289,1
895,593,339,1
896,594,201,1
897,594,290,1
898,594,300,1
899,595,255,2
900,595,257,1
901,595,340,2
902,595,397,1
903,596,200,1
904,596,256,1
905,596,341,1
906,596,397,1
907,596,418,1
908,597,224,1
909,597,247,1
910,597,256,1
911,597,257,1
912,597,341,1
913,597,398,3
914,598,251,1
915,598,270,1
916,598,399,1
917,598,462,1
918,599,195,1
919,599,256,1
920,599,257,1
921,599,342,1
922,599,343,1
923,600,165,1
924,600,255,1
925,600,257,1
926,600,343,1
927,600,400,1
928,601,287,1
929,601,291,1
930,601,304,1
931,601,401,1
932,602,159,1
933,602,255,1
934,602,299,1
935,602,328,1
936,602,344,1
937,602,401,1
938,603,258,2
939,603,267,1
940,603,345,2
941,603,402,2
942,604,168,1
943,604,187,1
944,604,259,2
945,604,345,3
946,604,368,1
947,604,403,2
948,605,239,1
949,605,259,1
950,605,268,1
951,605,273,1
952,605,445,1
953,606,229,1
954,606,260,2
955,606,273,1
956,606,316,1
957,606,320,1
958,606,346,1
959,606,433,1
960,607,244,1
961,607,334,1
962,607,347,1
963,608,185,1
964,608,229,1
965,608,249,1
966,608,261,1
967,608,405,1
968,609,237,1
969,609,317,1
970,609,348,1
971,609,406,1
972,610,221,1
973,610,227,1
974,610,242,1
975,610,349,1
976,610,366,1
977,610,407,1
978,611,191,1
979,611,227,1
980,611,262,1
981,611,315,1
982,611,349,1
983,611,407,1
984,611,523,1
985,612,262,1
986,612,265,2
987,612,339,1
988,612,350,2
989,612,408,1
990,613,225,1
991,613,238,1
992,613,263,2
993,613,323,1
994,613,351,1
995,613,425,1
996,614,184,1
997,614,263,1
998,614,409,1
999,615,182,1
1000,615,209,1
1001,615,269,1
1002,615,312,1
1003,615,352,1
1004,616,175,1
1005,616,211,1
1006,616,239,1
1007,616,264,2
1008,617,176,1
1009,617,213,1
1010,617,265,1
1011,617,346,1
1012,617,471,1
1013,618,265,1
1014,618,299,1
1015,618,309,1
1016,618,352,1
1017,618,353,1
1018,619,265,2
1019,619,276,1
1020,619,354,1
1021,619,386,1
1022,619,413,1
1023,620,187,1
1024,620,310,1
1025,620,353,1
1026,620,366,1
1027,620,413,1
1028,620,417,1
1029,621,178,1
1030,621,203,1
1031,621,227,1
1032,621,266,1
1033,621,267,1
1034,621,355,1
1035,621,392,1
1036,622,355,1
1037,622,415,1
1038,622,443,1
1039,623,356,2
1040,624,196,1
1041,624,229,2
1042,624,267,1
1043,624,268,1
1044,624,302,1
1045,624,312,2
1046,624,322,1
1047,624,416,1
1048,624,417,1
1049,624,523,1
1050,625,273,1
1051,625,279,1
1052,625,297,1
1053,625,358,1
1054,625,384,1
1055,625,417,1
1056,625,426,1
1057,626,214,1
1058,626,268,3
1059,626,339,1
1060,626,358,1
1061,627,222,1
1062,627,269,2
1063,627,357,1
1064,627,358,1
1065,627,418,1
1066,627,462,1
1067,628,226,2
1068,628,255,1
1069,628,278,1
1070,628,359,4
1071,628,419,2
1072,628,484,1
1073,629,178,1
1074,629,188,1
1075,629,201,1
1076,629,298,1
1077,629,308,1
1078,629,419,1
1079,629,449,1
1080,630,270,1
1081,630,315,1
1082,630,360,1
1083,630,362,1
1084,630,363,1
1085,630,403,1
1086,630,405,16
1087,630,420,1
1088,630,450,3
1089,631,233,1
1090,631,255,1
1091,631,267,1
1092,631,271,1
1093,631,361,1
1094,631,373,1
1095,631,421,1
1096,631,479,1
1097,632,179,1
1098,632,241,1
1099,632,361,1
1100,632,412,1
1101,632,421,1
1102,633,174,1
1103,633,189,1
1104,633,271,2
1105,633,280,1
1106,633,332,1
1107,633,385,1
1108,633,407,1
1109,633,420,1
1110,633,422,1
1111,634,207,1
1112,634,266,1
1113,634,272,1
1114,634,303,1
1115,634,321,1
1116,634,362,1
1117,634,363,1
1118,634,422,1
1119,634,423,1
1120,635,363,1
1121,635,418,1
1122,635,423,1
1123,635,743,1
1124,636,273,1
1125,636,318,1
1126,636,329,1
1127,636,399,1
1128,636,418,1
1129,636,424,2
1130,637,273,1
1131,637,364,1
1132,637,369,2
1133,637,425,1
1134,638,228,1
1135,638,274,1
1136,638,292,1
1137,638,302,1
1138,638,319,1
1139,638,356,1
1140,638,425,1
1141,638,456,1
1142,638,460,1
1143,638,960,1
1144,639,191,1
1145,639,195,1
1146,639,235,1
1147,639,239,1
1148,639,243,1
1149,639,273,1
1150,639,274,1
1151,639,417,1
1152,639,426,1
1153,640,220,1
1154,640,224,1
1155,640,228,1
1156,640,230,1
1157,640,232,1
1158,640,240,1
1159,640,251,2
1160,640,259,2
1161,640,265,1
1162,640,268,1
1163,640,269,1
1164,640,275,2
1165,640,280,1
1166,640,282,2
1167,640,285,1
1168,640,288,1
1169,640,289,2
1170,640,291,1
1171,640,292,1
1172,640,293,1
1173,640,294,1
1174,640,296,1
1175,640,297,1
1176,640,300,1
1177,640,302,1
1178,640,303,1
1179,640,305,1
1180,640,307,1
1181,640,308,1
1182,640,309,1
1183,640,310,2
1184,640,311,3
1185,640,313,1
1186,640,315,1
1187,640,317,1
1188,640,318,1
1189,640,320,1
1190,640,323,1
1191,640,324,2
1192,640,327,1
1193,640,328,1
1194,640,332,1
1195,640,333,1
1196,640,337,1
1197,640,342,1
1198,640,343,3
1199,640,345,1
1200,640,348,1
1201,640,350,1
1202,640,358,1
1203,640,359,1
1204,640,360,2
1205,640,366,1
1206,640,368,1
1207,640,374,1
1208,640,379,2
1209,640,380,1
1210,640,386,1
1211,640,389,1
1212,640,395,1
1213,640,398,1
1214,640,399,1
1215,640,401,1
1216,640,403,2
1217,640,405,1
1218,640,425,2
1219,640,426,1
1220,640,443,1
1221,640,480,2
1222,640,582,1
1223,640,640,1
1224,641,226,1
1225,641,274,1
1226,641,275,1
1227,641,305,1
1228,641,367,1
1229,641,427,1
1230,642,141,1
1231,642,275,1
1232,642,303,1
1233,642,321,2
1234,642,367,2
1235,642,428,1
1236,643,228,1
1237,643,380,1
1238,643,428,1
1239,643,430,1
1240,644,176,1
1241,644,239,1
1242,644,246,1
1243,644,284,1
1244,644,368,1
1245,645,238,1
1246,645,363,1
1247,645,430,2
1248,646,277,1
1249,646,369,1
1250,646,402,1
1251,647,277,2
1252,647,370,1
1253,647,431,1
1254,648,246,1
1255,648,324,2
1256,648,346,1
1257,648,370,2
1258,648,432,1
1259,648,570,1
1260,649,255,1
1261,649,278,2
1262,649,307,1
1263,649,322,1
1264,649,325,1
1265,649,370,1
1266,649,371,1
1267,649,376,1
1268,650,249,1
1269,650,336,1
1270,650,371,1
1271,650,372,1
1272,650,391,1
1273,651,227,1
1274,651,257,1
1275,651,258,1
1276,651,372,1
1277,651,434,1
1278,651,502,1
1279,652,236,1
1280,652,245,1
1281,652,302,1
1282,652,373,1
1283,652,407,1
1284,653,218,1
1285,653,267,1
1286,653,280,1
1287,653,374,1
1288,654,191,1
1289,654,280,2
1290,654,357,1
1291,654,391,1
1292,654,435,1
1293,654,436,1
1294,655,183,1
1295,655,281,2
1296,655,400,1
1297,655,437,1
1298,656,334,1
1299,656,375,1
1300,657,222,1
1301,657,326,1
1302,657,375,1
1303,657,411,1
1304,657,438,2
1305,657,574,1
1306,658,376,1
1307,659,281,1
1308,659,282,2
1309,659,290,1
1310,659,302,1
1311,659,339,1
1312,659,361,1
1313,659,376,1
1314,660,283,1
1315,660,307,1
1316,660,330,2
1317,660,377,1
1318,660,440,1
1319,661,158,1
1320,661,249,1
1321,661,270,1
1322,661,283,1
1323,661,377,1
1324,661,378,2
1325,661,441,1
1326,662,197,1
1327,662,284,1
1328,662,335,1
1329,662,378,1
1330,662,387,1
1331,662,441,1
1332,663,284,3
1333,663,391,1
1334,663,405,1
1335,663,442,1
1336,663,460,1
1337,663,566,1
1338,664,285,1
1339,664,443,1
1340,664,444,1
1341,665,260,1
1342,665,333,1
1343,665,380,2
1344,665,399,1
1345,665,443,2
1346,665,496,1
1347,665,665,1
1348,666,247,1
1349,666,285,1
1350,666,286,2
1351,666,380,1
1352,666,381,1
1353,666,409,1
1354,666,423,1
1355,666,444,1
1356,667,241,1
1357,667,286,1
1358,667,291,1
1359,667,381,2
1360,667,385,1
1361,668,162,1
1362,668,270,1
1363,668,286,1
1364,668,335,1
1365,668,382,2
1366,668,399,1
1367,668,445,1
1368,669,254,1
1369,669,287,1
1370,669,314,1
1371,669,382,1
1372,670,182,1
1373,670,233,1
1374,670,236,1
1375,670,289,1
1376,670,317,1
1377,670,383,2
1378,671,269,1
1379,671,281,1
1380,671,287,1
1381,671,321,1
1382,671,382,1
1383,671,383,2
1384,671,384,2
1385,671,436,1
1386,671,447,2
1387,671,449,1
1388,671,494,1
1389,671,500,1
1390,672,299,1
1391,672,317,1
1392,672,336,2
1393,672,384,1
1394,672,448,2
1395,672,516,1
1396,673,292,1
1397,673,307,1
1398,673,376,1
1399,673,449,2
1400,674,199,1
1401,674,207,1
1402,674,234,1
1403,674,289,1
1404,674,337,1
1405,674,385,3
1406,675,252,1
1407,675,282,1
1408,675,381,1
1409,675,386,2
1410,675,450,1
1411,675,473,1
1412,676,373,1
1413,676,386,1
1414,676,451,1
1415,676,452,1
1416,676,509,1
1417,677,227,1
1418,677,247,1
1419,677,284,1
1420,677,387,2
1421,677,451,1
1422,677,464,1
1423,678,290,2
1424,678,291,1
1425,678,310,1
1426,678,355,1
1427,678,358,1
1428,678,372,1
1429,678,452,1
1430,678,492,1
1431,679,271,1
1432,679,328,1
1433,679,346,1
1434,679,388,1
1435,679,443,2
1436,679,459,1
1437,680,371,1
1438,680,388,2
1439,680,389,1
1440,680,422,1
1441,680,453,1
1442,680,477,1
1443,680,491,1
1444,680,500,1
1445,681,200,1
1446,681,215,1
1447,681,292,2
1448,681,386,2
1449,681,388,1
1450,681,389,1
1451,681,454,1
1452,681,616,1
1453,682,190,1
1454,682,291,1
1455,682,292,1
1456,682,293,1
1457,682,390,1
1458,682,391,1
1459,682,392,1
1460,682,455,1
1461,683,227,1
1462,683,293,3
1463,683,390,2
1464,683,455,1
1465,683,489,1
1466,684,238,1
1467,684,293,1
1468,684,342,2
1469,684,391,1
1470,684,399,1
1471,684,456,1
1472,684,489,1
1473,684,513,1
1474,685,264,1
1475,685,293,1
1476,685,294,1
1477,685,348,1
1478,685,392,1
1479,686,196,1
1480,686,241,1
1481,686,278,1
1482,686,294,1
1483,686,400,1
1484,686,458,1
1485,686,476,1
1486,686,479,1
1487,687,203,1
1488,687,212,1
1489,687,257,1
1490,687,294,1
1491,687,295,2
1492,687,326,1
1493,687,364,1
1494,687,392,1
1495,687,393,1
1496,687,459,1
1497,687,497,1
1498,688,262,1
1499,688,295,2
1500,688,393,2
1501,688,394,1
1502,688,498,1
1503,688,542,1
1504,689,219,1
1505,689,295,2
1506,689,313,1
1507,689,347,1
1508,689,478,1
1509,689,489,1
1510,689,497,1
1511,689,505,1
1512,689,526,1
1513,690,296,2
1514,690,301,1
1515,690,394,2
1516,690,468,1
1517,690,478,1
1518,690,498,1
1519,691,181,1
1520,691,282,1
1521,691,296,2
1522,691,349,1
1523,691,395,2
1524,691,398,1
1525,691,401,1
1526,691,429,1
1527,691,478,1
1528,691,485,1
1529,691,486,1
1530,692,395,1
1531,692,486,1
1532,692,492,1
1533,692,518,1
1534,693,181,1
1535,693,207,1
1536,693,250,1
1537,693,279,1
1538,693,297,2
1539,693,300,1
1540,693,390,1
1541,693,396,1
1542,693,494,2
1543,693,509,1
1544,694,297,2
1545,694,397,1
1546,694,402,1
1547,694,475,1
1548,694,480,1
1549,694,498,1
1550,694,506,1
1551,695,235,1
1552,695,397,1
1553,695,445,1
1554,695,463,4
1555,695,464,1
1556,695,490,2
1557,695,497,1
1558,695,501,1
1559,695,595,1
1560,696,179,1
1561,696,198,1
1562,696,225,1
1563,696,232,1
1564,696,253,1
1565,696,297,1
1566,696,348,2
1567,696,378,1
1568,696,398,1
1569,696,420,1
1570,696,450,1
1571,696,482,1
1572,696,497,1
1573,697,203,1
1574,697,277,1
1575,697,286,1
1576,697,320,1
1577,697,401,1
1578,697,465,1
1579,697,470,1
1580,697,471,1
1581,697,481,1
1582,697,489,1
1583,697,492,1
1584,697,500,3
1585,697,505,1
1586,697,511,1
1587,697,512,1
1588,697,541,1
1589,698,235,1
1590,698,349,1
1591,698,399,4
1592,698,414,1
1593,698,465,2
1594,698,468,1
1595,698,489,1
1596,698,490,1
1597,698,495,1
1598,698,499,1
1599,698,500,7
1600,699,206,1
1601,699,255,1
1602,699,300,1
1603,699,343,1
1604,699,359,1
1605,699,369,1
1606,699,372,1
1607,699,385,1
1608,699,390,2
1609,699,399,4
1610,699,400,7
1611,699,401,3
1612,699,450,5
1613,699,466,2
1614,699,488,1
1615,699,490,1
1616,699,496,2
1617,699,499,3
1618,699,500,25
1619,699,508,1
1620,699,513,1
1621,700,172,1
1622,700,203,1
1623,700,300,2
1624,700,350,1
1625,700,380,1
1626,700,386,2
1627,700,387,1
1628,700,388,2
1629,700,389,1
1630,700,390,1
1631,700,391,2
1632,700,392,1
1633,700,393,2
1634,700,394,2
1635,700,395,1
1636,700,396,1
1637,700,397,3
1638,700,398,5
1639,700,399,6
1640,700,400,96
1641,700,401,12
1642,700,402,8
1643,700,403,3
1644,700,404,6
1645,700,405,6
1646,700,407,5
1647,700,408,4
1648,700,409,1
1649,700,411,1
1650,700,413,1
1651,700,414,1
1652,700,420,1
1653,700,429,1
1654,700,430,1
1655,700,431,1
1656,700,434,1
1657,700,438,1
1658,700,450,48
1659,700,451,1
1660,700,470,1
1661,700,488,1
1662,700,490,2
1663,700,493,1
1664,700,499,1
1665,700,500,667
1666,700,501,1
1667,700,503,1
1668,700,529,1
1669,700,585,1
1670,700,608,1
1671,700,655,1
1672,701,288,1
1673,701,300,1
1674,701,301,1
1675,701,320,1
1676,701,375,1
1677,701,400,9
1678,701,404,1
1679,701,450,6
1680,701,467,2
1681,701,496,1
1682,701,498,1
1683,701,500,16
1684,702,242,1
1685,702,354,1
1686,702,401,1
1687,702,415,1
1688,702,450,3
1689,702,468,1
1690,702,500,9
1691,703,254,1
1692,703,348,1
1693,703,360,1
1694,703,402,1
1695,703,418,1
1696,703,450,1
1697,703,467,1
1698,703,469,1
1699,703,471,1
1700,703,473,1
1701,703,493,1
1702,703,497,1
1703,703,500,2
1704,703,517,1
1705,703,519,1
1706,704,196,1
1707,704,219,1
1708,704,220,1
1709,704,250,1
1710,704,257,1
1711,704,274,1
1712,704,286,1
1713,704,336,1
1714,704,400,1
1715,704,406,1
1716,704,489,1
1717,704,500,2
1718,704,504,1
1719,704,513,1
1720,705,202,1
1721,705,302,2
1722,705,403,1
1723,705,416,1
1724,705,425,1
1725,705,470,1
1726,705,497,1
1727,705,541,1
1728,706,403,2
1729,706,418,1
1730,706,436,1
1731,706,471,1
1732,706,487,1
1733,707,354,2
1734,707,471,2
1735,707,472,2
1736,707,493,1
1737,707,496,1
1738,707,500,1
1739,707,509,1
1740,707,512,1
1741,708,276,1
1742,708,303,1
1743,708,357,1
1744,708,405,2
1745,708,474,1
1746,708,517,1
1747,709,229,1
1748,709,283,1
1749,709,304,1
1750,709,332,1
1751,709,337,1
1752,709,341,1
1753,709,351,1
1754,709,405,1
1755,709,406,2
1756,709,425,1
1757,709,472,1
1758,709,473,3
1759,709,489,1
1760,709,506,1
1761,709,560,1
1762,710,190,1
1763,710,223,1
1764,710,304,2
1765,710,456,1
1766,710,473,1
1767,710,481,1
1768,710,482,1
1769,710,500,1
1770,711,260,1
1771,711,281,1
1772,711,305,1
1773,711,400,1
1774,711,407,1
1775,711,474,5
1776,711,508,1
1777,711,511,1
1778,712,591,1
1779,713,311,1
1780,713,323,1
1781,713,394,1
1782,713,407,1
1783,713,408,1
1784,713,499,1
1785,714,306,1
1786,714,346,1
1787,714,357,1
1788,714,408,3
1789,715,306,1
1790,715,326,1
1791,715,357,1
1792,715,396,1
1793,715,477,1
1794,716,242,1
1795,716,261,1
1796,716,303,1
1797,716,307,1
1798,716,308,1
1799,716,409,1
1800,716,477,3
1801,716,521,1
1802,716,565,1
1803,717,220,1
1804,717,233,1
1805,717,307,1
1806,717,348,1
1807,717,430,1
1808,717,449,1
1809,717,478,3
1810,717,479,1
1811,717,539,1
1812,718,201,1
1813,718,307,1
1814,718,359,2
1815,718,410,1
1816,719,256,1
1817,719,308,1
1818,719,410,1
1819,719,411,2
1820,719,502,1
1821,720,266,1
1822,720,307,1
1823,720,322,1
1824,720,400,1
1825,720,411,3
1826,720,479,4
1827,720,480,2
1828,720,528,3
1829,720,564,1
1830,721,181,1
1831,721,199,1
1832,721,275,1
1833,721,309,1
1834,721,374,1
1835,721,412,1
1836,721,438,1
1837,721,538,1
1838,722,309,2
1839,722,310,1
1840,722,407,1
1841,722,413,1
1842,722,430,1
1843,723,301,1
1844,723,309,1
1845,723,310,1
1846,723,433,1
1847,723,527,1
1848,724,285,1
1849,724,286,1
1850,724,310,1
1851,724,318,1
1852,724,414,1
1853,724,486,1
1854,725,211,1
1855,725,302,1
1856,725,311,2
1857,725,414,1
1858,725,483,1
1859,725,492,1
1860,726,322,1
1861,726,432,1
1862,726,580,1
1863,727,312,2
1864,727,415,1
1865,727,416,1
1866,727,430,1
1867,727,519,1
1868,728,251,1
1869,728,312,1
1870,728,449,1
1871,728,485,3
1872,729,197,1
1873,729,289,1
1874,729,312,3
1875,729,417,1
1876,729,555,1
1877,730,320,1
1878,730,325,1
1879,730,385,1
1880,730,487,2
1881,730,497,1
1882,731,313,1
1883,731,336,1
1884,731,418,1
1885,731,488,1
1886,732,314,1
1887,732,366,2
1888,732,418,1
1889,733,189,1
1890,733,267,1
1891,734,314,1
1892,734,315,1
1893,734,420,1
1894,734,421,1
1895,734,489,1
1896,734,551,1
1897,735,290,1
1898,735,309,1
1899,735,315,1
1900,735,331,1
1901,735,392,1
1902,735,395,1
1903,735,420,2
1904,735,441,1
1905,735,486,1
1906,735,490,1
1907,736,258,1
1908,736,299,1
1909,736,315,1
1910,736,343,1
1911,736,418,1
1912,736,421,1
1913,736,449,1
1914,737,193,1
1915,737,238,1
1916,737,240,1
1917,737,267,1
1918,737,316,2
1919,737,421,1
1920,737,491,2
1921,738,238,1
1922,738,298,1
1923,738,492,1
1924,738,498,1
1925,739,177,1
1926,739,239,1
1927,739,317,1
1928,739,422,2
1929,739,493,1
1930,739,527,1
1931,740,251,1
1932,740,275,1
1933,740,317,1
1934,740,330,1
1935,740,388,1
1936,740,416,1
1937,740,423,1
1938,740,493,3
1939,740,528,1
1940,741,271,1
1941,741,318,1
1942,741,367,1
1943,741,370,1
1944,741,375,1
1945,741,417,1
1946,741,428,1
1947,741,435,1
1948,742,253,1
1949,742,307,1
1950,742,317,1
1951,742,386,1
1952,742,424,2
1953,742,495,1
1954,743,220,1
1955,743,226,1
1956,743,237,1
1957,743,287,1
1958,743,292,1
1959,743,307,1
1960,743,319,2
1961,743,425,1
1962,743,461,1
1963,744,254,1
1964,744,372,1
1965,744,396,1
1966,744,457,1
1967,744,461,1
1968,745,211,1
1969,745,253,1
1970,745,319,3
1971,745,369,1
1972,745,426,1
1973,745,497,2
1974,745,628,1
1975,746,224,1
1976,746,373,1
1977,746,401,1
1978,746,426,1
1979,746,497,3
1980,746,498,1
1981,746,512,1
1982,746,541,1
1983,747,320,1
1984,747,327,1
1985,747,426,1
1986,747,487,1
1987,747,498,1
1988,747,534,1
1989,748,210,1
1990,748,253,1
1991,748,355,1
1992,748,385,1
1993,748,427,1
1994,748,499,1
1995,748,500,1
1996,749,286,1
1997,749,321,2
1998,749,361,1
1999,749,375,1
2000,749,428,2
2001,749,429,1
2002,749,499,2
2003,749,535,1
2004,750,276,1
2005,750,308,1
2006,750,311,1
2007,750,320,1
2008,750,338,1
2009,750,375,1
2010,750,393,1
2011,750,414,1
2012,750,421,1
2013,750,422,1
2014,750,428,2
2015,750,429,1
2016,750,450,1
2017,750,451,1
2018,750,478,1
2019,750,500,1
2020,750,504,1
2021,750,525,2
2022,750,811,1
2023,751,261,1
2024,751,269,1
2025,751,281,1
2026,751,322,2
2027,751,401,1
2028,751,429,2
2029,751,501,1
2030,752,277,1
2031,752,322,1
2032,752,385,1
2033,752,387,1
2034,752,430,1
2035,752,620,1
2036,753,319,1
2037,753,430,1
2038,753,431,1
2039,753,502,1
2040,754,249,1
2041,754,323,1
2042,754,431,1
2043,754,523,1
2044,754,542,1
2045,754,703,1
2046,755,324,1
2047,755,336,1
2048,755,425,1
2049,755,447,1
2050,756,167,1
2051,756,221,1
2052,756,234,1
2053,756,261,1
2054,756,283,1
2055,756,324,1
2056,756,378,2
2057,756,432,1
2058,756,477,1
2059,756,504,2
2060,757,269,1
2061,757,324,1
2062,757,337,1
2063,757,376,1
2064,757,432,1
2065,757,439,1
2066,757,505,1
2067,758,207,1
2068,758,284,1
2069,758,285,1
2070,758,286,1
2071,758,317,1
2072,758,325,2
2073,758,433,1
2074,758,439,1
2075,758,455,1
2076,758,505,1
2077,759,383,1
2078,759,434,4
2079,759,495,1
2080,759,506,3
2081,760,232,1
2082,760,326,1
2083,760,380,1
2084,760,507,2
2085,760,508,1
2086,760,627,1
2087,761,308,1
2088,761,435,2
2089,761,507,1
2090,762,314,2
2091,762,326,2
2092,762,327,1
2093,762,467,1
2094,762,508,1
2095,763,279,1
2096,763,299,1
2097,763,327,1
2098,763,349,1
2099,763,382,1
2100,763,435,1
2101,763,436,2
2102,763,457,1
2103,763,763,1
2104,764,285,1
2105,764,327,1
2106,764,434,1
2107,764,437,1
2108,764,509,1
2109,765,328,3
2110,765,348,1
2111,765,510,2
2112,766,208,1
2113,766,308,1
2114,766,328,1
2115,766,383,1
2116,766,410,1
2117,766,500,1
2118,766,511,2
2119,767,200,1
2120,767,264,1
2121,767,267,1
2122,767,438,3
2123,767,511,1
2124,767,534,1
2125,767,549,1
2126,768,150,1
2127,768,282,1
2128,768,354,1
2129,768,384,3
2130,768,439,1
2131,768,512,3
2132,768,1024,2
2133,769,219,1
2134,769,368,1
2135,769,439,1
2136,769,512,1
2137,769,513,1
2138,770,283,1
2139,770,313,1
2140,770,330,2
2141,770,440,2
2142,770,448,1
2143,770,449,1
2144,770,513,1
2145,771,343,1
2146,771,364,1
2147,771,365,1
2148,771,441,1
2149,771,442,1
2150,771,498,1
2151,771,514,4
2152,771,719,1
2153,772,321,1
2154,772,514,2
2155,772,515,3
2156,772,600,1
2157,772,601,1
2158,772,646,1
2159,773,217,1
2160,773,331,1
2161,773,416,1
2162,773,442,1
2163,773,515,1
2164,774,332,1
2165,774,370,1
2166,774,516,2
2167,775,270,1
2168,775,315,1
2169,775,371,1
2170,775,377,1
2171,775,430,1
2172,775,443,1
2173,776,201,1
2174,776,333,2
2175,776,334,1
2176,776,466,1
2177,776,499,1
2178,776,517,1
2179,776,519,1
2180,777,333,1
2181,777,437,1
2182,777,444,1
2183,778,250,1
2184,778,257,1
2185,778,291,1
2186,778,321,1
2187,778,333,1
2188,778,441,1
2189,778,445,2
2190,778,467,1
2191,778,518,1
2192,779,311,1
2193,779,334,1
2194,779,445,1
2195,779,501,1
2196,779,519,1
2197,780,163,1
2198,780,290,1
2199,780,302,1
2200,780,347,1
2201,780,390,2
2202,780,403,1
2203,780,520,1
2204,780,524,1
2205,781,335,1
2206,781,341,1
2207,781,351,1
2208,781,385,1
2209,781,446,1
2210,781,521,1
2211,782,335,2
2212,782,394,1
2213,782,526,1
2214,783,289,1
2215,783,308,1
2216,783,340,1
2217,783,492,1
2218,783,559,1
2219,783,606,1
2220,784,183,1
2221,784,314,1
2222,784,361,1
2223,784,367,1
2224,784,387,1
2225,784,448,2
2226,784,523,4
2227,785,283,1
2228,785,336,1
2229,785,422,1
2230,785,448,1
2231,785,449,1
2232,785,523,4
2233,785,530,1
2234,786,172,1
2235,786,193,1
2236,786,238,1
2237,786,337,2
2238,786,354,1
2239,786,414,1
2240,786,435,1
2241,786,448,1
2242,786,449,2
2243,787,139,1
2244,787,268,1
2245,787,336,1
2246,787,337,1
2247,787,345,1
2248,787,437,1
2249,787,562,1
2250,787,647,1
2251,788,133,1
2252,788,177,1
2253,788,450,3
2254,788,525,4
2255,788,610,1
2256,789,289,1
2257,789,301,1
2258,789,324,1
2259,789,338,1
2260,789,372,1
2261,789,426,1
2262,789,451,2
2263,789,485,1
2264,789,544,1
2265,789,576,1
2266,790,266,1
2267,790,287,1
2268,790,338,2
2269,790,451,3
2270,790,527,1
2271,790,545,1
2272,791,286,1
2273,791,339,2
2274,791,452,1
2275,791,454,1
2276,791,479,1
2277,791,498,1
2278,791,527,1
2279,792,340,1
2280,792,396,2
2281,792,399,1
2282,792,441,1
2283,792,448,1
2284,792,452,1
2285,792,453,1
2286,792,455,1
2287,792,481,1
2288,792,494,1
2289,792,528,6
2290,792,529,3
2291,792,558,1
2292,793,279,1
2293,793,327,1
2294,793,397,1
2295,793,529,3
2296,794,282,1
2297,794,286,1
2298,794,397,1
2299,794,400,1
2300,794,506,1
2301,794,529,1
2302,795,235,1
2303,795,236,1
2304,795,340,1
2305,795,475,1
2306,795,517,1
2307,795,595,1
2308,796,245,1
2309,796,273,1
2310,796,455,1
2311,796,538,1
2312,797,266,1
2313,797,288,1
2314,797,317,1
2315,797,328,1
2316,797,531,1
2317,797,589,1
2318,798,186,1
2319,798,206,1
2320,798,333,1
2321,798,399,2
2322,798,402,1
2323,798,456,3
2324,798,492,1
2325,798,532,1
2326,798,559,1
2327,798,573,1
2328,798,646,1
2329,799,321,1
2330,799,343,1
2331,799,388,1
2332,799,410,1
2333,799,427,1
2334,799,457,2
2335,799,533,1
2336,800,192,1
2337,800,242,1
2338,800,275,1
2339,800,299,1
2340,800,343,1
2341,800,400,1
2342,800,457,1
2343,800,514,1
2344,800,533,3
2345,800,571,1
2346,801,284,1
2347,801,343,1
2348,801,417,1
2349,801,458,2
2350,801,534,4
2351,802,344,3
2352,802,458,2
2353,802,509,1
2354,802,515,1
2355,803,344,1
2356,803,454,1
2357,803,459,1
2358,803,535,1
2359,804,216,1
2360,804,344,1
2361,804,345,1
2362,804,361,1
2363,804,524,1
2364,804,536,1
2365,804,628,1
2366,805,304,1
2367,805,345,1
2368,805,383,1
2369,805,412,1
2370,805,413,1
2371,805,460,2
2372,805,539,1
2373,806,345,1
2374,806,346,1
2375,806,460,2
2376,807,251,1
2377,807,346,1
2378,807,375,1
2379,807,461,2
2380,807,498,1
2381,807,549,1
2382,807,564,1
2383,807,591,1
2384,808,250,1
2385,808,327,1
2386,808,331,1
2387,808,363,1
2388,808,372,1
2389,808,376,1
2390,808,404,2
2391,808,462,1
2392,808,539,1
2393,808,546,1
2394,809,177,1
2395,809,193,1
2396,809,216,1
2397,809,248,1
2398,809,282,1
2399,809,297,1
2400,809,325,1
2401,809,347,1
2402,809,381,1
2403,809,462,4
2404,809,463,1
2405,810,293,1
2406,810,347,2
2407,810,355,1
2408,810,361,1
2409,810,463,4
2410,810,540,2
2411,810,682,1
2412,811,327,1
2413,811,363,1
2414,811,457,1
2415,811,463,1
2416,811,464,1
2417,811,523,1
2418,811,566,1
2419,812,271,1
2420,812,330,1
2421,812,348,2
2422,812,406,3
2423,812,409,1
2424,812,464,1
2425,812,466,1
2426,812,487,1
2427,812,541,2
2428,813,244,1
2429,813,349,1
2430,813,371,1
2431,813,426,1
2432,813,464,1
2433,813,465,2
2434,813,487,1
2435,813,488,1
2436,813,492,1
2437,813,542,2
2438,813,543,1
2439,814,278,1
2440,814,316,1
2441,814,348,1
2442,814,375,1
2443,814,465,1
2444,814,677,1
2445,815,349,1
2446,815,466,1
2447,815,543,1
2448,816,345,1
2449,816,349,1
2450,816,350,1
2451,816,408,2
2452,816,423,1
2453,816,425,1
2454,816,544,3
2455,816,557,1
2456,817,252,1
2457,817,350,3
2458,817,356,1
2459,817,393,1
2460,817,409,1
2461,817,418,1
2462,817,434,1
2463,817,467,1
2464,817,468,1
2465,817,545,1
2466,817,552,1
2467,817,578,1
2468,817,600,1
2469,818,219,1
2470,818,231,1
2471,818,350,2
2472,818,351,1
2473,818,467,1
2474,818,490,1
2475,818,544,1
2476,819,235,1
2477,819,292,1
2478,819,323,1
2479,819,334,1
2480,819,351,1
2481,819,468,1
2482,819,469,1
2483,819,470,1
2484,819,473,1
2485,819,534,1
2486,820,256,1
2487,820,334,1
2488,820,351,1
2489,820,352,1
2490,820,434,1
2491,820,468,1
2492,820,469,1
2493,820,520,1
2494,820,586,1
2495,820,672,1
2496,821,218,1
2497,821,469,3
2498,821,548,1
2499,821,560,1
2500,821,601,1
2501,822,252,1
2502,822,304,1
2503,822,330,1
2504,822,411,1
2505,822,442,1
2506,822,471,2
2507,822,548,3
2508,822,558,1
2509,823,353,1
2510,823,470,1
2511,823,500,1
2512,824,289,1
2513,824,353,2
2514,824,425,1
2515,824,471,2
2516,824,549,2
2517,825,305,1
2518,825,354,1
2519,825,392,1
2520,825,471,2
2521,825,472,1
2522,825,550,2
2523,825,571,1
2524,826,260,1
2525,826,262,1
2526,826,296,1
2527,826,304,1
2528,826,354,3
2529,826,356,1
2530,826,413,1
2531,826,472,2
2532,826,474,1
2533,826,550,1
2534,826,551,3
2535,827,341,1
2536,827,417,1
2537,827,474,1
2538,827,551,3
2539,827,555,1
2540,827,592,1
2541,827,632,1
2542,828,225,1
2543,828,244,1
2544,828,280,1
2545,828,292,1
2546,828,312,1
2547,828,355,1
2548,828,456,1
2549,828,463,1
2550,828,473,3
2551,828,476,1
2552,828,540,1
2553,828,552,3
2554,829,237,1
2555,829,348,1
2556,829,378,1
2557,829,474,2
2558,829,531,1
2559,830,317,1
2560,830,331,1
2561,830,355,1
2562,830,356,7
2563,830,412,1
2564,830,415,1
2565,830,418,1
2566,830,475,1
2567,831,168,1
2568,831,287,1
2569,831,475,5
2570,831,477,1
2571,831,590,1
2572,831,593,1
2573,832,197,1
2574,832,363,1
2575,832,446,1
2576,832,454,1
2577,832,475,2
2578,832,554,1
2579,832,555,1
2580,833,177,1
2581,833,461,1
2582,833,476,2
2583,833,555,1
2584,834,228,1
2585,834,233,1
2586,834,357,1
2587,834,358,1
2588,834,420,1
2589,834,476,1
2590,834,477,2
2591,834,481,1
2592,834,504,1
2593,835,197,1
2594,835,268,1
2595,835,338,1
2596,835,347,1
2597,835,348,1
2598,835,358,6
2599,835,477,3
2600,835,557,2
2601,835,580,1
2602,836,279,1
2603,836,357,1
2604,836,478,1
2605,836,557,1
2606,836,576,1
2607,837,359,3
2608,837,377,1
2609,837,558,3
2610,837,598,1
2611,837,855,1
2612,838,242,1
2613,838,298,1
2614,838,307,1
2615,838,343,1
2616,838,359,2
2617,838,461,1
2618,838,559,2
2619,838,581,1
2620,839,263,1
2621,839,479,2
2622,840,293,1
2623,840,339,1
2624,840,360,1
2625,840,412,1
2626,840,420,2
2627,840,421,1
2628,840,422,1
2629,840,437,1
2630,840,438,1
2631,840,440,3
2632,840,441,1
2633,840,444,2
2634,840,445,1
2635,840,448,1
2636,840,450,3
2637,840,454,1
2638,840,455,4
2639,840,456,1
2640,840,457,2
2641,840,458,4
2642,840,459,1
2643,840,460,4
2644,840,461,2
2645,840,463,1
2646,840,464,2
2647,840,466,2
2648,840,467,8
2649,840,469,5
2650,840,470,3
2651,840,471,1
2652,840,472,2
2653,840,474,4
2654,840,475,2
2655,840,476,1
2656,840,477,4
2657,840,479,1
2658,840,480,8
2659,840,481,3
2660,840,482,1
2661,840,484,2
2662,840,485,2
2663,840,487,3
2664,840,491,2
2665,840,492,1
2666,840,493,1
2667,840,494,1
2668,840,495,1
2669,840,497,1
2670,840,530,1
2671,840,546,1
2672,840,560,9
2673,840,600,10
2674,841,361,1
2675,841,387,1
2676,841,481,2
2677,841,535,1
2678,841,561,1
2679,841,589,1
2680,841,620,1
2681,841,660,1
2682,842,209,1
2683,842,298,1
2684,842,311,1
2685,842,339,1
2686,842,360,1
2687,842,361,1
2688,842,378,1
2689,842,421,1
2690,842,438,1
2691,842,561,1
2692,843,315,1
2693,843,361,1
2694,843,400,1
2695,843,482,2
2696,843,562,1
2697,843,563,1
2698,843,612,1
2699,844,347,1
2700,844,362,1
2701,844,373,1
2702,844,422,1
2703,844,482,3
2704,844,491,1
2705,844,514,1
2706,844,516,1
2707,845,245,1
2708,845,268,1
2709,845,332,1
2710,845,362,1
2711,845,461,1
2712,845,482,1
2713,845,483,3
2714,846,286,1
2715,846,313,1
2716,846,356,1
2717,846,423,1
2718,846,484,1
2719,846,564,1
2720,847,217,1
2721,847,363,2
2722,847,483,1
2723,847,484,1
2724,847,526,1
2725,847,565,3
2726,848,363,1
2727,848,372,1
2728,848,421,1
2729,848,485,2
2730,848,509,1
2731,848,522,1
2732,848,545,1
2733,848,670,1
2734,849,236,1
2735,849,281,1
2736,849,364,3
2737,849,485,4
2738,849,492,2
2739,849,546,1
2740,849,564,1
2741,849,566,2
2742,849,609,1
2743,850,197,1
2744,850,230,1
2745,850,255,1
2746,850,267,1
2747,850,269,1
2748,850,283,1
2749,850,310,1
2750,850,325,1
2751,850,364,1
2752,850,379,1
2753,850,395,1
2754,850,411,1
2755,850,456,1
2756,850,485,1
2757,850,488,1
2758,850,489,1
2759,850,501,1
2760,850,510,1
2761,850,530,1
2762,850,567,2
2763,851,240,1
2764,851,364,1
2765,851,392,1
2766,851,486,4
2767,851,488,1
2768,851,567,3
2769,852,232,1
2770,852,285,1
2771,852,340,1
2772,852,426,4
2773,852,486,2
2774,852,487,4
2775,852,555,1
2776,852,568,3
2777,852,594,1
2778,853,324,1
2779,853,328,1
2780,853,365,1
2781,853,366,3
2782,853,569,1
2783,853,608,1
2784,854,254,1
2785,854,259,1
2786,854,264,1
2787,854,306,1
2788,854,311,1
2789,854,319,1
2790,854,321,1
2791,854,437,2
2792,854,488,4
2793,854,569,1
2794,854,570,1
2795,855,203,1
2796,855,277,1
2797,855,300,1
2798,855,489,2
2799,855,494,1
2800,855,528,1
2801,855,570,4
2802,855,651,1
2803,855,670,1
2804,856,323,1
2805,856,428,1
2806,856,489,1
2807,856,543,1
2808,856,560,1
2809,856,716,1
2810,857,240,1
2811,857,276,1
2812,857,490,3
2813,857,492,1
2814,857,571,1
2815,857,605,1
2816,858,231,1
2817,858,243,1
2818,858,372,1
2819,858,400,1
2820,858,490,4
2821,858,572,2
2822,858,637,1
2823,859,368,1
2824,859,471,1
2825,859,491,2
2826,859,494,1
2827,859,573,1
2828,860,207,1
2829,860,350,1
2830,860,491,1
2831,860,516,1
2832,860,727,1
2833,861,345,1
2834,861,492,3
2835,861,574,1
2836,862,185,1
2837,862,275,1
2838,862,297,1
2839,862,314,1
2840,862,370,2
2841,862,434,1
2842,862,493,1
2843,863,340,1
2844,863,493,2
2845,863,508,1
2846,863,688,1
2847,864,193,1
2848,864,255,1
2849,864,271,1
2850,864,272,1
2851,864,358,1
2852,864,450,1
2853,864,458,1
2854,864,494,4
2855,864,497,1
2856,864,498,1
2857,864,576,2
2858,865,218,1
2859,865,278,1
2860,865,353,1
2861,865,494,1
2862,865,577,1
2863,865,604,1
2864,866,461,1
2865,866,495,1
2866,866,496,1
2867,866,704,1
2868,866,710,1
2869,867,224,1
2870,867,267,1
2871,867,358,1
2872,867,371,2
2873,867,372,1
2874,867,376,1
2875,867,430,1
2876,867,432,1
2877,867,487,1
2878,867,541,1
2879,867,578,3
2880,867,633,1
2881,868,229,1
2882,868,247,1
2883,868,304,1
2884,868,336,1
2885,868,352,1
2886,868,372,1
2887,868,496,3
2888,868,579,1
2889,869,199,1
2890,869,223,1
2891,869,341,1
2892,869,373,1
2893,869,497,2
2894,869,522,1
2895,869,557,1
2896,869,578,1
2897,869,579,1
2898,869,653,1
2899,870,219,1
2900,870,373,3
2901,870,497,3
2902,870,501,1
2903,870,567,1
2904,870,580,1
2905,870,634,1
2906,871,279,1
2907,871,338,1
2908,871,476,1
2909,871,498,3
2910,871,568,1
2911,871,581,3
2912,871,658,1
2913,871,699,1
2914,872,169,1
2915,872,209,1
2916,872,278,1
2917,872,340,1
2918,872,374,2
2919,872,472,1
2920,872,498,1
2921,872,500,1
2922,872,580,1
2923,872,738,1
2924,872,871,1
2925,873,173,1
2926,873,218,1
2927,873,251,1
2928,873,270,1
2929,873,276,1
2930,873,464,1
2931,873,473,1
2932,873,498,1
2933,873,499,5
2934,873,582,1
2935,874,374,1
2936,874,499,2
2937,874,500,1
2938,875,239,1
2939,875,289,1
2940,875,388,1
2941,875,413,1
2942,875,425,1
2943,875,438,1
2944,875,450,2
2945,875,463,1
2946,875,500,19
2947,875,513,1
2948,875,525,1
2949,875,531,1
2950,875,538,1
2951,875,562,1
2952,875,563,28
2953,875,583,1
2954,875,586,1
2955,875,625,2
2956,875,631,1
2957,876,258,1
2958,876,375,2
2959,876,377,1
2960,876,438,4
2961,876,500,1
2962,876,504,1
2963,876,584,1
2964,877,363,1
2965,877,376,2
2966,877,501,3
2967,877,578,1
2968,877,585,2
2969,878,266,1
2970,878,427,1
2971,878,442,1
2972,878,454,1
2973,878,501,1
2974,878,502,3
2975,878,878,1
2976,879,262,1
2977,879,445,1
2978,879,528,1
2979,879,584,148
2980,879,586,2
2981,879,723,1
2982,880,266,1
2983,880,363,1
2984,880,377,2
2985,880,381,1
2986,880,409,1
2987,880,502,2
2988,880,503,2
2989,880,508,1
2990,880,588,1
2991,881,181,1
2992,881,197,1
2993,881,237,1
2994,881,362,1
2995,881,378,3
2996,881,434,1
2997,881,503,1
2998,881,505,1
2999,881,529,1
3000,881,570,1
3001,881,584,1
3002,881,586,2
3003,881,588,2
3004,881,618,1
3005,881,676,1
3006,882,245,1
3007,882,362,1
3008,882,378,1
3009,882,382,1
3010,882,385,1
3011,882,504,1
3012,882,583,1
3013,882,588,2
3014,883,175,1
3015,883,364,1
3016,883,378,1
3017,883,379,1
3018,883,416,1
3019,883,474,1
3020,883,505,1
3021,883,529,1
3022,883,555,1
3023,883,582,1
3024,883,584,1
3025,883,585,1
3026,883,586,1
3027,883,587,1
3028,883,588,4
3029,883,590,1
3030,883,676,1
3031,884,184,1
3032,884,264,1
3033,884,313,1
3034,884,468,1
3035,884,507,1
3036,884,584,1
3037,884,585,1
3038,884,586,1
3039,884,587,1
3040,884,588,7
3041,884,589,3
3042,884,683,1
3043,885,215,1
3044,885,269,1
3045,885,360,1
3046,885,379,2
3047,885,404,1
3048,885,425,1
3049,885,431,1
3050,885,440,1
3051,885,506,1
3052,885,512,1
3053,885,518,1
3054,885,526,1
3055,885,573,1
3056,885,581,1
3057,885,585,8
3058,885,586,2
3059,885,587,1
3060,885,588,8
3061,885,589,2
3062,885,590,8
3063,885,591,6
3064,885,592,2
3065,886,283,1
3066,886,365,1
3067,886,380,3
3068,886,427,1
3069,886,455,1
3070,886,459,1
3071,886,506,2
3072,886,527,1
3073,886,540,1
3074,886,543,1
3075,886,572,1
3076,886,576,1
3077,886,586,4
3078,886,587,6
3079,886,588,9
3080,886,589,5
3081,886,590,7
3082,886,591,16
3083,886,592,3
3084,886,593,1
3085,886,595,1
3086,886,605,1
3087,886,623,1
3088,887,380,1
3089,887,501,1
3090,887,507,1
3091,887,584,1
3092,887,587,1
3093,887,588,1
3094,887,590,1
3095,887,591,2
3096,888,275,1
3097,888,380,1
3098,888,444,2
3099,888,507,2
3100,888,582,1
3101,888,592,6
3102,888,661,1
3103,889,363,1
3104,889,368,1
3105,889,381,1
3106,889,455,1
3107,889,508,3
3108,889,593,2
3109,890,381,1
3110,890,445,1
3111,890,497,1
3112,890,509,2
3113,890,534,1
3114,890,593,2
3115,891,321,1
3116,891,446,1
3117,891,509,1
3118,891,594,5
3119,891,659,1
3120,892,336,1
3121,892,510,1
3122,892,512,1
3123,892,634,1
3124,893,377,1
3125,893,495,1
3126,893,510,2
3127,893,511,1
3128,894,223,1
3129,894,333,1
3130,894,383,1
3131,894,410,1
3132,894,420,1
3133,894,447,1
3134,894,511,1
3135,894,512,1
3136,894,596,1
3137,894,639,1
3138,894,656,1
3139,895,274,1
3140,895,383,1
3141,895,511,3
3142,895,582,1
3143,895,596,1
3144,895,597,1
3145,896,287,1
3146,896,428,1
3147,896,506,1
3148,896,512,2
3149,896,597,2
3150,896,600,1
3151,896,688,1
3152,896,736,1
3153,897,310,1
3154,897,384,1
3155,897,475,1
3156,897,513,1
3157,897,598,1
3158,898,304,1
3159,898,384,1
3160,898,385,1
3161,898,514,1
3162,898,599,1
3163,898,688,1
3164,899,293,1
3165,899,385,2
3166,899,450,1
3167,899,514,1
3168,899,599,4
3169,899,600,1
3170,900,268,1
3171,900,348,1
3172,900,351,1
3173,900,398,1
3174,900,450,96
3175,900,513,1
3176,900,514,2
3177,900,516,1
3178,900,596,1
3179,900,599,27
3180,900,600,95
3181,900,630,1
3182,900,662,1
3183,901,286,1
3184,901,386,1
3185,901,497,1
3186,901,515,3
3187,901,565,1
3188,901,589,1
3189,901,601,2
3190,901,633,1
3191,902,305,1
3192,902,358,1
3193,902,386,1
3194,902,451,1
3195,902,515,1
3196,902,572,1
3197,902,590,1
3198,902,601,1
3199,902,653,1
3200,903,310,1
3201,903,387,1
3202,903,516,1
3203,903,549,1
3204,903,602,1
3205,904,196,1
3206,904,238,1
3207,904,389,1
3208,904,452,1
3209,904,517,1
3210,904,518,1
3211,904,551,1
3212,905,361,1
3213,905,388,1
3214,905,517,3
3215,906,309,1
3216,906,388,2
3217,906,453,1
3218,906,518,1
3219,906,604,2
3220,907,194,1
3221,907,382,1
3222,907,389,1
3223,907,404,1
3224,907,518,4
3225,907,688,1
3226,908,393,1
3227,908,518,1
3228,908,519,1
3229,908,545,1
3230,908,592,1
3231,908,605,2
3232,908,608,1
3233,909,389,1
3234,909,519,2
3235,909,606,2
3236,910,218,1
3237,910,257,1
3238,910,331,1
3239,910,520,1
3240,910,696,1
3241,911,391,2
3242,911,393,1
3243,911,408,1
3244,911,512,1
3245,911,520,2
3246,911,521,1
3247,911,580,1
3248,911,596,1
3249,911,607,1
3250,911,608,1
3251,912,371,1
3252,912,391,2
3253,912,413,1
3254,912,456,2
3255,912,462,1
3256,912,519,1
3257,912,521,3
3258,912,528,1
3259,912,529,1
3260,912,558,1
3261,912,608,3
3262,912,703,1
3263,913,291,1
3264,913,363,1
3265,913,391,1
3266,913,522,1
3267,913,609,4
3268,914,263,1
3269,914,277,1
3270,914,317,1
3271,914,457,2
3272,914,522,4
3273,914,609,1
3274,915,269,1
3275,915,344,1
3276,915,525,1
3277,915,549,1
3278,915,576,1
3279,915,610,1
3280,916,393,1
3281,917,269,1
3282,917,328,1
3283,917,393,2
3284,917,398,1
3285,917,523,1
3286,917,525,1
3287,917,611,2
3288,918,394,1
3289,918,519,1
3290,918,524,1
3291,918,525,1
3292,918,612,1
3293,918,614,1
3294,918,668,1
3295,918,723,1
3296,918,1024,1
3297,919,170,1
3298,919,394,1
3299,919,426,1
3300,919,457,1
3301,919,525,4
3302,919,526,1
3303,919,542,1
3304,919,568,1
3305,920,320,1
3306,920,365,1
3307,920,394,1
3308,920,395,1
3309,920,525,1
3310,920,526,6
3311,920,527,1
3312,920,600,21
3313,920,613,2
3314,920,614,1
3315,920,615,1
3316,921,255,1
3317,921,262,1
3318,921,395,1
3319,921,526,2
3320,921,549,1
3321,921,614,2
3322,921,658,1
3323,922,236,1
3324,922,280,1
3325,922,395,1
3326,922,518,1
3327,922,547,1
3328,922,615,2
3329,923,238,1
3330,923,396,1
3331,923,492,1
3332,923,527,1
3333,923,599,1
3334,923,615,1
3335,923,616,1
3336,923,699,1
3337,923,718,1
3338,924,286,1
3339,924,396,1
3340,924,411,1
3341,924,429,1
3342,924,446,1
3343,924,462,2
3344,924,528,1
3345,924,600,1
3346,924,616,2
3347,925,318,1
3348,925,396,1
3349,925,397,1
3350,925,441,1
3351,925,463,1
3352,925,660,1
3353,926,302,1
3354,926,352,1
3355,926,502,1
3356,926,529,1
3357,926,532,1
3358,926,617,1
3359,926,676,1
3360,927,397,2
3361,927,452,1
3362,927,486,1
3363,927,530,3
3364,927,607,1
3365,927,618,4
3366,927,645,1
3367,927,648,1
3368,927,664,1
3369,928,376,1
3370,928,398,3
3371,928,443,1
3372,928,464,1
3373,928,557,1
3374,928,619,1
3375,929,234,1
3376,929,355,1
3377,929,531,1
3378,929,578,1
3379,929,600,1
3380,929,619,1
3381,930,398,1
3382,930,399,1
3383,930,558,1
3384,930,600,4
3385,930,620,3
3386,930,664,1
3387,931,325,1
3388,931,338,1
3389,931,351,1
3390,931,368,1
3391,931,399,1
3392,931,400,1
3393,931,428,1
3394,931,532,1
3395,931,615,1
3396,931,653,1
3397,932,258,1
3398,932,268,1
3399,932,325,1
3400,932,532,1
3401,932,533,3
3402,932,621,1
3403,933,301,1
3404,933,400,2
3405,933,457,1
3406,933,533,4
3407,933,537,1
3408,933,549,2
3409,933,622,3
3410,933,624,1
3411,933,638,1
3412,934,309,1
3413,934,323,1
3414,934,336,1
3415,934,353,1
3416,934,400,1
3417,934,401,1
3418,934,534,1
3419,934,725,1
3420,935,265,1
3421,935,323,1
3422,935,375,1
3423,935,401,2
3424,935,534,2
3425,935,623,1
3426,935,697,1
3427,936,202,1
3428,936,401,1
3429,936,468,3
3430,936,481,1
3431,936,535,1
3432,936,624,2
3433,937,324,1
3434,937,325,1
3435,937,352,1
3436,937,357,1
3437,937,493,1
3438,937,536,1
3439,937,625,1
3440,938,469,1
3441,938,536,3
3442,938,625,2
3443,939,304,1
3444,939,311,1
3445,939,402,1
3446,939,403,1
3447,939,406,1
3448,939,459,1
3449,939,537,1
3450,939,612,1
3451,939,616,1
3452,940,188,1
3453,940,392,1
3454,940,403,1
3455,940,466,1
3456,940,495,1
3457,940,537,1
3458,940,538,1
3459,940,627,4
3460,940,633,1
3461,941,403,2
3462,941,432,1
3463,941,627,2
3464,942,170,1
3465,942,278,1
3466,942,284,1
3467,942,305,1
3468,942,417,1
3469,942,437,1
3470,942,471,1
3471,942,538,3
3472,942,560,1
3473,942,578,1
3474,943,299,1
3475,943,310,1
3476,943,331,1
3477,943,345,1
3478,943,404,1
3479,943,405,1
3480,943,538,1
3481,943,539,1
3482,943,629,2
3483,944,454,1
3484,944,472,2
3485,944,482,1
3486,944,488,1
3487,944,539,1
3488,944,607,1
3489,944,626,1
3490,944,629,2
3491,944,812,1
3492,945,312,1
3493,945,363,1
3494,945,540,4
3495,945,567,1
3496,945,651,1
3497,946,333,1
3498,946,355,1
3499,946,405,1
3500,946,512,1
3501,946,624,1
3502,946,631,1
3503,947,188,1
3504,947,341,1
3505,947,371,1
3506,947,406,1
3507,947,465,1
3508,947,505,1
3509,947,540,1
3510,947,541,4
3511,947,631,2
3512,948,291,1
3513,948,361,1
3514,948,406,2
3515,948,474,3
3516,948,542,1
3517,948,550,1
3518,948,632,1
3519,948,643,1
3520,949,356,1
3521,949,407,1
3522,949,542,1
3523,949,570,1
3524,949,633,2
3525,950,252,1
3526,950,345,1
3527,950,380,1
3528,950,475,1
3529,950,492,1
3530,950,543,1
3531,950,633,3
3532,951,382,1
3533,951,408,2
3534,951,476,1
3535,951,483,1
3536,951,597,1
3537,951,668,1
3538,952,275,1
3539,952,316,1
3540,952,324,1
3541,952,340,1
3542,952,364,1
3543,952,396,1
3544,952,408,1
3545,952,476,1
3546,952,484,1
3547,952,542,1
3548,952,635,2
3549,953,178,1
3550,953,348,1
3551,953,362,1
3552,953,408,1
3553,953,544,1
3554,953,545,1
3555,953,571,1
3556,953,636,1
3557,954,158,1
3558,954,296,1
3559,954,308,1
3560,954,344,1
3561,954,409,2
3562,954,411,1
3563,954,477,3
3564,954,544,1
3565,954,545,2
3566,954,546,1
3567,954,636,1
3568,955,359,1
3569,955,409,2
3570,955,478,1
3571,955,497,1
3572,955,502,1
3573,955,546,6
3574,955,637,1
3575,955,720,1
3576,956,265,1
3577,956,340,1
3578,956,478,1
3579,956,654,1
3580,957,400,1
3581,957,410,1
3582,957,432,1
3583,957,479,1
3584,957,500,1
3585,957,547,1
3586,957,555,1
3587,957,624,1
3588,957,638,2
3589,957,646,1
3590,957,674,1
3591,957,719,1
3592,958,345,1
3593,958,346,1
3594,958,347,1
3595,958,547,1
3596,958,600,1
3597,958,638,1
3598,958,639,2
3599,959,237,1
3600,959,271,1
3601,959,301,1
3602,959,547,1
3603,959,548,2
3604,959,639,3
3605,959,640,1
3606,960,412,1
3607,960,480,5
3608,960,549,1
3609,960,592,1
3610,960,599,1
3611,960,606,1
3612,960,613,1
3613,960,624,1
3614,960,626,1
3615,960,634,1
3616,960,638,2
3617,960,639,2
3618,960,640,4
3619,960,656,1
3620,960,705,1
3621,961,257,1
3622,961,262,1
3623,961,430,1
3624,961,641,1
3625,961,657,1
3626,962,322,1
3627,962,331,1
3628,962,339,1
3629,962,481,1
3630,962,546,1
3631,962,550,1
3632,962,628,1
3633,962,641,1
3634,963,214,1
3635,963,273,1
3636,963,413,1
3637,963,507,1
3638,963,550,1
3639,963,642,6
3640,964,272,1
3641,964,435,1
3642,964,551,1
3643,964,645,1
3644,965,223,1
3645,965,349,1
3646,965,436,1
3647,965,486,1
3648,965,643,3
3649,966,290,1
3650,966,303,1
3651,966,378,1
3652,966,414,1
3653,966,483,1
3654,966,642,1
3655,966,644,1
3656,967,208,1
3657,967,263,1
3658,967,317,1
3659,967,342,1
3660,967,398,1
3661,967,415,1
3662,967,501,1
3663,967,553,1
3664,967,590,1
3665,967,645,2
3666,968,276,1
3667,968,327,1
3668,968,330,1
3669,968,372,1
3670,968,405,1
3671,968,415,1
3672,968,416,1
3673,968,461,1
3674,968,484,1
3675,968,495,1
3676,968,553,1
3677,968,633,1
3678,968,634,1
3679,968,645,1
3680,968,656,1
3681,968,714,1
3682,968,782,1
3683,969,254,1
3684,969,384,1
3685,969,385,1
3686,969,388,1
3687,969,557,1
3688,970,260,1
3689,970,303,1
3690,970,316,1
3691,970,461,1
3692,970,526,1
3693,970,554,1
3694,970,647,2
3695,970,705,1
3696,971,432,1
3697,971,531,1
3698,971,580,1
3699,972,370,1
3700,972,404,1
3701,972,416,1
3702,972,417,2
3703,972,536,1
3704,972,555,3
3705,972,648,4
3706,972,717,1
3707,973,250,1
3708,973,288,1
3709,973,295,1
3710,973,458,1
3711,973,556,2
3712,973,696,1
3713,974,345,1
3714,974,348,1
3715,974,403,1
3716,974,417,2
3717,974,418,1
3718,974,537,1
3719,974,556,1
3720,974,649,2
3721,974,974,1
3722,975,350,1
3723,975,367,1
3724,975,418,2
3725,975,444,1
3726,975,453,1
3727,975,454,1
3728,975,465,1
3729,975,494,1
3730,975,502,1
3731,975,557,2
3732,976,283,1
3733,976,319,1
3734,976,345,1
3735,976,355,2
3736,976,418,2
3737,976,627,1
3738,976,651,2
3739,976,734,1
3740,977,300,1
3741,977,419,1
3742,977,487,1
3743,977,571,1
3744,977,620,1
3745,978,349,1
3746,978,391,1
3747,978,419,2
3748,978,426,1
3749,978,462,1
3750,978,489,1
3751,978,534,1
3752,978,549,1
3753,978,558,1
3754,978,559,2
3755,978,560,1
3756,978,652,1
3757,979,297,1
3758,979,380,1
3759,979,420,2
3760,979,559,2
3761,979,569,1
3762,979,608,1
3763,979,653,2
3764,980,276,1
3765,980,346,1
3766,980,510,1
3767,980,559,1
3768,980,560,2
3769,980,653,4
3770,981,259,1
3771,981,404,1
3772,981,420,1
3773,981,485,1
3774,981,560,1
3775,981,640,1
3776,981,654,2
3777,982,298,1
3778,982,421,1
3779,982,437,1
3780,982,440,1
3781,982,487,2
3782,982,561,1
3783,982,655,2
3784,982,699,1
3785,983,220,1
3786,983,303,1
3787,983,330,1
3788,983,379,1
3789,983,457,1
3790,983,517,1
3791,983,562,1
3792,983,564,1
3793,983,641,1
3794,983,657,1
3795,984,304,1
3796,984,421,1
3797,984,422,2
3798,984,448,1
3799,984,452,1
3800,984,492,4
3801,984,498,1
3802,984,500,1
3803,984,555,1
3804,984,562,2
3805,984,566,2
3806,984,641,1
3807,984,656,2
3808,984,703,1
3809,984,717,1
3810,985,356,1
3811,985,368,1
3812,985,371,1
3813,985,422,2
3814,985,429,1
3815,985,492,1
3816,985,562,1
3817,985,563,3
3818,985,657,1
3819,985,659,1
3820,985,897,1
3821,986,340,1
3822,986,380,1
3823,986,423,1
3824,986,493,1
3825,986,513,1
3826,986,518,1
3827,986,550,1
3828,986,563,4
3829,986,586,1
3830,986,657,2
3831,987,198,1
3832,987,379,1
3833,987,391,1
3834,987,564,1
3835,988,353,1
3836,988,479,1
3837,988,539,1
3838,988,564,2
3839,988,565,2
3840,988,636,1
3841,988,657,1
3842,989,308,1
3843,989,318,1
3844,989,424,1
3845,989,441,1
3846,989,451,1
3847,989,509,1
3848,989,540,2
3849,989,541,1
3850,989,565,2
3851,989,701,1
3852,990,294,1
3853,990,314,1
3854,990,424,1
3855,990,495,1
3856,990,498,1
3857,990,510,1
3858,990,540,1
3859,990,565,1
3860,990,566,2
3861,990,570,1
3862,990,586,1
3863,990,643,1
3864,990,660,3
3865,991,271,1
3866,991,348,1
3867,991,566,2
3868,991,581,1
3869,991,595,1
3870,991,616,1
3871,991,661,1
3872,992,319,1
3873,992,425,1
3874,992,452,1
3875,992,464,1
3876,992,500,1
3877,992,661,1
3878,992,662,1
3879,992,752,1
3880,992,766,1
3881,993,221,1
3882,993,274,1
3883,993,521,1
3884,993,638,1
3885,993,662,1
3886,994,150,1
3887,994,295,1
3888,994,426,3
3889,994,497,1
3890,994,548,1
3891,994,559,1
3892,994,568,1
3893,994,618,1
3894,994,630,1
3895,995,290,1
3896,995,346,1
3897,995,426,2
3898,995,439,1
3899,995,440,1
3900,995,492,1
3901,995,493,1
3902,995,509,1
3903,995,527,1
3904,995,568,1
3905,995,569,2
3906,995,640,1
3907,995,663,1
3908,996,312,1
3909,996,407,1
3910,996,470,1
3911,996,498,1
3912,996,509,1
3913,996,549,1
3914,996,569,1
3915,996,664,4
3916,996,824,1
3917,996,840,1
3918,997,226,1
3919,997,362,1
3920,997,427,1
3921,997,489,1
3922,997,495,1
3923,997,504,1
3924,997,507,1
3925,997,509,1
3926,997,598,1
3927,997,662,1
3928,997,664,1
3929,998,427,1
3930,998,570,2
3931,998,582,1
3932,998,632,1
3933,998,665,3
3934,998,727,1
3935,999,363,1
3936,999,369,1
3937,999,428,1
3938,999,488,1
3939,999,534,1
3940,999,555,1
3941,999,571,2
3942,999,573,1
3943,999,666,4
3944,999,714,1
3945,1000,296,1
3946,1000,337,1
3947,1000,353,1
3948,1000,363,1
3949,1000,365,1
3950,1000,376,1
3951,1000,398,1
3952,1000,407,1
3953,1000,412,1
3954,1000,421,1
3955,1000,427,1
3956,1000,441,1
3957,1000,455,1
3958,1000,466,1
3959,1000,497,1
3960,1000,505,1
3961,1000,517,1
3962,1000,532,1
3963,1000,533,2
3964,1000,549,1
3965,1000,555,1
3966,1000,559,1
3967,1000,562,1
3968,1000,571,5
3969,1000,580,1
3970,1000,589,1
3971,1000,600,2
3972,1000,621,1
3973,1000,638,1
3974,1000,650,1
3975,1000,652,112
3976,1000,663,1
3977,1000,666,24
3978,1000,667,177
3979,1000,682,2
3980,1000,688,1
3981,1000,690,1
3982,1000,700,14
3983,1000,713,1
3984,1000,714,6
3985,1000,760,1
3986,1000,1500,1
3987,1001,404,1
3988,1001,429,1
3989,1001,433,1
3990,1001,476,1
3991,1001,501,1
3992,1001,510,1
3993,1001,542,1
3994,1001,545,1
3995,1001,572,2
3996,1001,591,1
3997,1001,667,3
3998,1001,668,1
3999,1002,430,1
4000,1002,501,2
4001,1002,555,1
4002,1002,556,2
4003,1002,602,1
4004,1002,668,2
4005,1002,726,1
4006,1002,737,1
4007,1003,380,1
4008,1003,429,1
4009,1003,430,1
4010,1003,437,1
4011,1003,502,1
4012,1003,505,1
4013,1003,516,1
4014,1003,517,1
4015,1003,527,1
4016,1003,564,1
4017,1003,573,1
4018,1003,578,2
4019,1003,599,1
4020,1003,669,2
4021,1003,687,1
4022,1004,281,1
4023,1004,305,1
4024,1004,414,1
4025,1004,430,2
4026,1004,463,1
4027,1004,508,1
4028,1004,510,1
4029,1004,519,1
4030,1004,554,1
4031,1004,573,1
4032,1004,574,1
4033,1004,602,1
4034,1004,655,1
4035,1004,669,1
4036,1004,884,1
4037,1005,330,1
4038,1005,416,1
4039,1005,431,1
4040,1005,465,1
4041,1005,498,1
4042,1005,506,1
4043,1005,528,1
4044,1005,540,1
4045,1005,546,1
4046,1005,549,1
4047,1005,573,1
4048,1005,574,1
4049,1005,586,1
4050,1005,588,1
4051,1005,589,1
4052,1005,599,1
4053,1005,718,1
4054,1006,289,1
4055,1006,489,1
4056,1006,511,1
4057,1006,535,1
4058,1006,538,1
4059,1006,561,2
4060,1006,563,1
4061,1006,575,2
4062,1006,600,1
4063,1006,612,1
4064,1006,671,3
4065,1006,675,1
4066,1007,432,1
4067,1007,454,1
4068,1007,458,1
4069,1007,479,1
4070,1007,480,1
4071,1007,535,1
4072,1007,543,1
4073,1007,575,1
4074,1007,576,1
4075,1007,582,1
4076,1007,671,3
4077,1008,331,1
4078,1008,437,1
4079,1008,493,1
4080,1008,504,1
4081,1008,541,1
4082,1008,576,1
4083,1008,595,1
4084,1008,670,1
4085,1008,672,2
4086,1008,748,1
4087,1009,372,1
4088,1009,432,1
4089,1009,479,1
4090,1009,513,1
4091,1009,519,1
4092,1009,547,1
4093,1009,555,1
4094,1009,588,1
4095,1009,672,1
4096,1009,673,1
4097,1009,721,1
4098,1009,737,1
4099,1010,183,1
4100,1010,326,1
4101,1010,368,1
4102,1010,433,1
4103,1010,502,2
4104,1010,523,1
4105,1010,564,1
4106,1010,570,1
4107,1010,575,1
4108,1010,577,6
4109,1010,611,1
4110,1010,673,3
4111,1010,701,1
4112,1010,790,1
4113,1010,987,1
4114,1011,246,1
4115,1011,433,1
4116,1011,470,1
4117,1011,570,1
4118,1011,578,3
4119,1011,591,1
4120,1011,674,3
4121,1011,715,1
4122,1011,737,1
4123,1012,258,1
4124,1012,301,1
4125,1012,409,1
4126,1012,434,2
4127,1012,491,1
4128,1012,511,1
4129,1012,530,1
4130,1012,537,1
4131,1012,545,1
4132,1012,573,1
4133,1012,578,1
4134,1012,579,1
4135,1012,641,1
4136,1012,675,3
4137,1013,356,1
4138,1013,436,1
4139,1013,559,1
4140,1013,579,2
4141,1013,590,1
4142,1013,675,3
4143,1013,717,1
4144,1014,419,1
4145,1014,487,1
4146,1014,502,1
4147,1014,538,1
4148,1014,555,1
4149,1014,573,1
4150,1014,577,1
4151,1014,579,4
4152,1014,587,1
4153,1014,618,1
4154,1014,665,1
4155,1014,1013,1
4156,1015,314,1
4157,1015,423,1
4158,1015,435,2
4159,1015,494,1
4160,1015,519,1
4161,1015,579,1
4162,1015,580,1
4163,1015,677,3
4164,1015,734,1
4165,1015,741,1
4166,1016,497,1
4167,1016,499,1
4168,1016,508,2
4169,1016,520,1
4170,1016,531,1
4171,1016,574,1
4172,1016,580,1
4173,1016,581,3
4174,1016,605,1
4175,1016,646,1
4176,1016,677,2
4177,1016,710,1
4178,1016,725,1
4179,1016,750,1
4180,1017,436,3
4181,1017,473,1
4182,1017,509,1
4183,1017,581,4
4184,1017,603,1
4185,1017,639,1
4186,1017,654,1
4187,1017,678,2
4188,1017,898,1
4189,1018,393,1
4190,1018,436,4
4191,1018,462,1
4192,1018,469,1
4193,1018,523,1
4194,1018,529,1
4195,1018,581,1
4196,1018,582,1
4197,1018,679,2
4198,1018,817,1
4199,1019,349,1
4200,1019,393,1
4201,1019,437,1
4202,1019,453,1
4203,1019,497,1
4204,1019,503,1
4205,1019,516,1
4206,1019,520,1
4207,1019,538,1
4208,1019,547,1
4209,1019,582,1
4210,1019,585,1
4211,1019,587,1
4212,1019,598,1
4213,1019,679,2
4214,1019,736,1
4215,1019,896,1
4216,1020,458,1
4217,1020,469,1
4218,1020,510,2
4219,1020,540,1
4220,1020,542,1
4221,1020,543,1
4222,1020,560,1
4223,1020,570,1
4224,1020,581,1
4225,1020,582,1
4226,1020,583,1
4227,1020,600,1
4228,1020,644,1
4229,1020,665,1
4230,1020,680,3
4231,1021,290,1
4232,1021,341,1
4233,1021,416,1
4234,1021,437,1
4235,1021,583,3
4236,1021,642,1
4237,1021,681,3
4238,1022,438,1
4239,1022,480,1
4240,1022,524,1
4241,1022,540,1
4242,1022,565,1
4243,1022,578,1
4244,1022,583,1
4245,1022,584,2
4246,1022,681,2
4247,1023,394,1
4248,1023,438,2
4249,1023,461,1
4250,1023,478,1
4251,1023,512,1
4252,1023,555,1
4253,1023,571,1
4254,1023,584,1
4255,1023,585,1
4256,1023,587,1
4257,1023,682,2
4258,1024,205,1
4259,1024,341,1
4260,1024,368,1
4261,1024,433,1
4262,1024,439,1
4263,1024,492,1
4264,1024,498,1
4265,1024,503,1
4266,1024,512,1
4267,1024,552,1
4268,1024,577,1
4269,1024,585,3
4270,1024,586,1
4271,1024,588,1
4272,1024,668,1
4273,1024,683,1
4274,1024,698,1
4275,1024,701,1
4276,1024,729,1
4277,1024,732,1
4278,1024,757,1
4279,1024,768,1
4280,1025,244,1
4281,1025,253,1
4282,1025,312,1
4283,1025,389,1
4284,1025,417,1
4285,1025,439,1
4286,1025,447,1
4287,1025,470,1
4288,1025,471,1
4289,1025,586,4
4290,1025,588,1
4291,1025,594,1
4292,1025,601,1
4293,1025,615,1
4294,1025,661,1
4295,1025,684,1
4296,1026,259,1
4297,1026,299,1
4298,1026,333,1
4299,1026,341,1
4300,1026,421,1
4301,1026,492,1
4302,1026,513,1
4303,1026,586,1
4304,1026,684,3
4305,1026,785,1
4306,1027,292,1
4307,1027,296,1
4308,1027,338,1
4309,1027,351,1
4310,1027,383,1
4311,1027,427,1
4312,1027,431,1
4313,1027,440,1
4314,1027,456,1
4315,1027,581,1
4316,1027,587,1
4317,1027,685,6
4318,1027,686,1
4319,1027,711,1
4320,1027,1094,1
4321,1028,413,1
4322,1028,441,1
4323,1028,499,1
4324,1028,564,1
4325,1028,570,1
4326,1028,587,3
4327,1028,588,1
4328,1028,685,1
4329,1029,218,1
4330,1029,385,1
4331,1029,420,1
4332,1029,464,1
4333,1029,552,1
4334,1029,588,5
4335,1029,617,1
4336,1029,735,1
4337,1029,771,1
4338,1029,772,1
4339,1029,1029,1
4340,1030,376,1
4341,1030,442,1
4342,1030,488,1
4343,1030,515,1
4344,1030,552,1
4345,1030,588,1
4346,1030,589,1
4347,1031,348,1
4348,1031,442,1
4349,1031,516,1
4350,1031,588,1
4351,1031,589,1
4352,1031,662,1
4353,1031,687,1
4354,1031,688,1
4355,1031,800,1
4356,1032,143,1
4357,1032,300,1
4358,1032,310,1
4359,1032,489,1
4360,1032,511,1
4361,1032,515,1
4362,1032,516,1
4363,1032,562,1
4364,1032,620,1
4365,1032,688,4
4366,1032,722,1
4367,1033,398,1
4368,1033,422,1
4369,1033,483,1
4370,1033,505,1
4371,1033,577,1
4372,1033,590,1
4373,1033,670,1
4374,1034,255,1
4375,1034,317,1
4376,1034,367,1
4377,1034,443,1
4378,1034,527,1
4379,1034,579,1
4380,1034,689,2
4381,1035,242,1
4382,1035,318,1
4383,1035,342,1
4384,1035,399,1
4385,1035,444,1
4386,1035,482,1
4387,1035,561,1
4388,1035,570,2
4389,1035,572,1
4390,1035,580,1
4391,1035,585,2
4392,1035,592,1
4393,1035,600,2
4394,1035,690,2
4395,1035,739,2
4396,1036,316,1
4397,1036,444,2
4398,1036,448,1
4399,1036,506,1
4400,1036,518,1
4401,1036,560,1
4402,1036,564,1
4403,1036,570,1
4404,1036,592,1
4405,1036,598,1
4406,1036,602,1
4407,1036,692,1
4408,1036,888,1
4409,1037,265,1
4410,1037,428,1
4411,1037,444,1
4412,1037,445,1
4413,1037,489,1
4414,1037,519,1
4415,1037,545,1
4416,1037,552,1
4417,1037,572,1
4418,1037,592,1
4419,1037,678,1
4420,1037,691,1
4421,1037,696,1
4422,1038,470,1
4423,1038,491,1
4424,1038,493,1
4425,1038,519,1
4426,1038,568,1
4427,1038,584,1
4428,1038,658,1
4429,1038,682,1
4430,1038,692,4
4431,1038,738,1
4432,1039,497,1
4433,1039,594,3
4434,1039,693,1
4435,1040,177,1
4436,1040,352,1
4437,1040,445,1
4438,1040,446,2
4439,1040,520,1
4440,1040,558,1
4441,1040,572,1
4442,1040,594,1
4443,1041,307,1
4444,1041,446,1
4445,1041,543,1
4446,1041,554,1
4447,1041,595,3
4448,1041,603,1
4449,1041,612,1
4450,1041,624,1
4451,1041,748,1
4452,1042,218,1
4453,1042,275,1
4454,1042,321,1
4455,1042,332,1
4456,1042,384,1
4457,1042,413,1
4458,1042,446,1
4459,1042,521,1
4460,1042,595,2
4461,1042,596,1
4462,1042,628,1
4463,1042,684,1
4464,1042,714,1
4465,1043,231,1
4466,1043,568,1
4467,1043,663,1
4468,1043,695,1
4469,1044,282,1
4470,1044,380,1
4471,1044,440,1
4472,1044,443,1
4473,1044,447,2
4474,1044,482,1
4475,1044,521,1
4476,1044,522,1
4477,1044,589,1
4478,1044,596,1
4479,1044,597,2
4480,1044,603,1
4481,1044,626,1
4482,1044,696,4
4483,1045,258,1
4484,1045,414,1
4485,1045,439,1
4486,1045,447,1
4487,1045,704,1
4488,1045,742,1
4489,1045,877,1
4490,1046,307,1
4491,1046,340,1
4492,1046,355,1
4493,1046,400,1
4494,1046,523,1
4495,1046,536,1
4496,1046,597,1
4497,1046,598,1
4498,1046,638,1
4499,1046,675,1
4500,1046,714,1
4501,1046,747,1
4502,1047,343,1
4503,1047,376,1
4504,1047,379,1
4505,1047,438,1
4506,1047,449,1
4507,1047,482,1
4508,1047,598,1
4509,1047,599,1
4510,1047,600,1
4511,1047,602,2
4512,1047,693,1
4513,1047,698,2
4514,1047,715,1
4515,1047,727,1
4516,1047,767,1
4517,1047,819,1
4518,1048,449,1
4519,1048,524,1
4520,1048,552,1
4521,1048,699,2
4522,1048,701,2
4523,1048,726,1
4524,1048,747,1
4525,1049,337,1
4526,1049,361,1
4527,1049,448,1
4528,1049,558,1
4529,1049,563,1
4530,1049,574,1
4531,1049,580,1
4532,1049,617,1
4533,1049,699,1
4534,1050,100,1
4535,1050,136,3
4536,1050,139,1
4537,1050,144,1
4538,1050,147,1
4539,1050,150,1
4540,1050,151,2
4541,1050,152,1
4542,1050,155,1
4543,1050,157,2
4544,1050,158,1
4545,1050,159,1
4546,1050,160,1
4547,1050,162,2
4548,1050,163,1
4549,1050,164,2
4550,1050,165,2
4551,1050,166,1
4552,1050,167,2
4553,1050,170,1
4554,1050,171,2
4555,1050,173,1
4556,1050,174,3
4557,1050,175,2
4558,1050,176,1
4559,1050,177,1
4560,1050,179,4
4561,1050,180,1
4562,1050,181,2
4563,1050,182,1
4564,1050,183,1
4565,1050,184,1
4566,1050,185,5
4567,1050,186,5
4568,1050,188,2
4569,1050,189,2
4570,1050,191,5
4571,1050,192,3
4572,1050,193,4
4573,1050,194,4
4574,1050,195,1
4575,1050,196,4
4576,1050,197,3
4577,1050,198,6
4578,1050,199,3
4579,1050,200,4
4580,1050,201,5
4581,1050,202,7
4582,1050,203,4
4583,1050,204,6
4584,1050,205,6
4585,1050,206,6
4586,1050,208,2
4587,1050,209,4
4588,1050,210,6
4589,1050,211,3
4590,1050,212,5
4591,1050,213,8
4592,1050,214,7
4593,1050,215,4
4594,1050,216,10
4595,1050,217,12
4596,1050,218,4
4597,1050,219,6
4598,1050,220,5
4599,1050,221,7
4600,1050,222,8
4601,1050,223,7
4602,1050,224,6
4603,1050,225,10
4604,1050,226,6
4605,1050,227,4
4606,1050,228,4
4607,1050,229,6
4608,1050,230,9
4609,1050,231,10
4610,1050,232,12
4611,1050,233,6
4612,1050,234,7
4613,1050,235,9
4614,1050,236,3
4615,1050,237,4
4616,1050,238,5
4617,1050,239,14
4618,1050,240,12
4619,1050,241,14
4620,1050,242,10
4621,1050,243,11
4622,1050,244,16
4623,1050,245,20
4624,1050,246,9
4625,1050,247,11
4626,1050,248,11
4627,1050,249,17
4628,1050,250,19
4629,1050,251,12
4630,1050,252,22
4631,1050,253,21
4632,1050,254,9
4633,1050,255,17
4634,1050,256,12
4635,1050,257,20
4636,1050,258,10
4637,1050,259,14
4638,1050,260,14
4639,1050,261,13
4640,1050,262,15
4641,1050,263,15
4642,1050,264,13
4643,1050,265,19
4644,1050,266,17
4645,1050,267,18
4646,1050,268,19
4647,1050,269,21
4648,1050,270,18
4649,1050,271,13
4650,1050,272,19
4651,1050,273,9
4652,1050,274,21
4653,1050,275,15
4654,1050,276,10
4655,1050,277,15
4656,1050,278,9
4657,1050,279,17
4658,1050,280,11
4659,1050,281,16
4660,1050,282,21
4661,1050,283,23
4662,1050,284,19
4663,1050,285,17
4664,1050,286,18
4665,1050,287,18
4666,1050,288,14
4667,1050,289,17
4668,1050,290,14
4669,1050,291,19
4670,1050,292,18
4671,1050,293,14
4672,1050,294,14
4673,1050,295,17
4674,1050,296,24
4675,1050,297,18
4676,1050,298,25
4677,1050,299,20
4678,1050,300,23
4679,1050,301,22
4680,1050,302,19
4681,1050,303,16
4682,1050,304,18
4683,1050,305,16
4684,1050,306,18
4685,1050,307,28
4686,1050,308,27
4687,1050,309,21
4688,1050,310,15
4689,1050,311,11
4690,1050,312,18
4691,1050,313,20
4692,1050,314,19
4693,1050,315,27
4694,1050,316,20
4695,1050,317,22
4696,1050,318,17
4697,1050,319,21
4698,1050,320,21
4699,1050,321,26
4700,1050,322,18
4701,1050,323,22
4702,1050,324,20
4703,1050,325,28
4704,1050,326,24
4705,1050,327,26
4706,1050,328,15
4707,1050,329,31
4708,1050,330,15
4709,1050,331,20
4710,1050,332,34
4711,1050,333,35
4712,1050,334,18
4713,1050,335,27
4714,1050,336,22
4715,1050,337,18
4716,1050,338,18
4717,1050,339,22
4718,1050,340,25
4719,1050,341,27
4720,1050,342,26
4721,1050,343,25
4722,1050,344,21
4723,1050,345,21
4724,1050,346,30
4725,1050,347,29
4726,1050,348,25
4727,1050,349,26
4728,1050,350,21
4729,1050,351,23
4730,1050,352,27
4731,1050,353,17
4732,1050,354,29
4733,1050,355,21
4734,1050,356,23
4735,1050,357,19
4736,1050,358,21
4737,1050,359,21
4738,1050,360,19
4739,1050,361,22
4740,1050,362,27
4741,1050,363,24
4742,1050,364,23
4743,1050,365,21
4744,1050,366,21
4745,1050,367,23
4746,1050,368,26
4747,1050,369,23
4748,1050,370,20
4749,1050,371,22
4750,1050,372,19
4751,1050,373,20
4752,1050,374,19
4753,1050,375,29
4754,1050,376,25
4755,1050,377,19
4756,1050,378,24
4757,1050,379,26
4758,1050,380,20
4759,1050,381,15
4760,1050,382,22
4761,1050,383,26
4762,1050,384,31
4763,1050,385,19
4764,1050,386,16
4765,1050,387,20
4766,1050,388,20
4767,1050,389,14
4768,1050,390,27
4769,1050,391,24
4770,1050,392,16
4771,1050,393,15
4772,1050,394,22
4773,1050,395,23
4774,1050,396,25
4775,1050,397,21
4776,1050,398,16
4777,1050,399,19
4778,1050,400,17
4779,1050,401,24
4780,1050,402,24
4781,1050,403,22
4782,1050,404,25
4783,1050,405,20
4784,1050,406,23
4785,1050,407,26
4786,1050,408,24
4787,1050,409,26
4788,1050,410,24
4789,1050,411,25
4790,1050,412,28
4791,1050,413,15
4792,1050,414,24
4793,1050,415,20
4794,1050,416,19
4795,1050,417,18
4796,1050,418,17
4797,1050,419,18
4798,1050,420,23
4799,1050,421,15
4800,1050,422,22
4801,1050,423,25
4802,1050,424,14
4803,1050,425,21
4804,1050,426,12
4805,1050,427,14
4806,1050,428,16
4807,1050,429,21
4808,1050,430,22
4809,1050,431,17
4810,1050,432,19
4811,1050,433,20
4812,1050,434,20
4813,1050,435,23
4814,1050,436,16
4815,1050,437,14
4816,1050,438,12
4817,1050,439,18
4818,1050,440,20
4819,1050,441,23
4820,1050,442,20
4821,1050,443,19
4822,1050,444,19
4823,1050,445,17
4824,1050,446,15
4825,1050,447,17
4826,1050,448,15
4827,1050,449,46
4828,1050,450,1556
4829,1050,451,47
4830,1050,452,15
4831,1050,453,17
4832,1050,454,12
4833,1050,455,20
4834,1050,456,16
4835,1050,457,11
4836,1050,458,13
4837,1050,459,17
4838,1050,460,13
4839,1050,461,12
4840,1050,462,15
4841,1050,463,14
4842,1050,464,14
4843,1050,465,17
4844,1050,466,7
4845,1050,467,14
4846,1050,468,7
4847,1050,469,17
4848,1050,470,16
4849,1050,471,13
4850,1050,472,14
4851,1050,473,19
4852,1050,474,14
4853,1050,475,7
4854,1050,476,11
4855,1050,477,9
4856,1050,478,15
4857,1050,479,13
4858,1050,480,11
4859,1050,481,9
4860,1050,482,9
4861,1050,483,7
4862,1050,484,15
4863,1050,485,7
4864,1050,486,8
4865,1050,487,14
4866,1050,488,4
4867,1050,489,11
4868,1050,490,14
4869,1050,491,11
4870,1050,492,9
4871,1050,493,13
4872,1050,494,12
4873,1050,495,11
4874,1050,496,19
4875,1050,497,10
4876,1050,498,8
4877,1050,499,15
4878,1050,500,5
4879,1050,501,11
4880,1050,502,13
4881,1050,503,16
4882,1050,504,7
4883,1050,505,5
4884,1050,506,13
4885,1050,507,9
4886,1050,508,12
4887,1050,509,10
4888,1050,510,13
4889,1050,511,9
4890,1050,512,10
4891,1050,513,7
4892,1050,514,7
4893,1050,515,7
4894,1050,516,7
4895,1050,517,10
4896,1050,518,9
4897,1050,519,5
4898,1050,520,10
4899,1050,521,11
4900,1050,522,10
4901,1050,523,8
4902,1050,524,5
4903,1050,525,1303
4904,1050,526,48
4905,1050,527,48
4906,1050,528,20
4907,1050,529,9
4908,1050,530,7
4909,1050,531,5
4910,1050,532,8
4911,1050,533,7
4912,1050,534,7
4913,1050,535,7
4914,1050,536,10
4915,1050,537,9
4916,1050,538,9
4917,1050,539,5
4918,1050,540,6
4919,1050,541,9
4920,1050,542,2
4921,1050,543,11
4922,1050,544,8
4923,1050,545,4
4924,1050,546,8
4925,1050,547,6
4926,1050,548,11
4927,1050,549,5
4928,1050,550,7
4929,1050,551,8
4930,1050,552,4
4931,1050,553,7
4932,1050,554,4
4933,1050,555,8
4934,1050,556,7
4935,1050,557,7
4936,1050,558,9
4937,1050,559,3
4938,1050,560,12
4939,1050,561,7
4940,1050,562,8
4941,1050,563,6
4942,1050,564,9
4943,1050,565,15
4944,1050,566,10
4945,1050,567,2
4946,1050,568,4
4947,1050,569,7
4948,1050,570,6
4949,1050,571,7
4950,1050,572,10
4951,1050,573,5
4952,1050,574,8
4953,1050,575,5
4954,1050,576,8
4955,1050,577,8
4956,1050,578,4
4957,1050,579,8
4958,1050,580,6
4959,1050,581,4
4960,1050,582,4
4961,1050,583,6
4962,1050,584,8
4963,1050,585,7
4964,1050,586,4
4965,1050,587,6
4966,1050,588,7
4967,1050,589,5
4968,1050,590,24
4969,1050,591,280
4970,1050,592,9
4971,1050,593,6
4972,1050,594,8
4973,1050,595,6
4974,1050,596,3
4975,1050,597,11
4976,1050,598,9
4977,1050,599,88
4978,1050,600,2549
4979,1050,601,66
4980,1050,602,16
4981,1050,603,23
4982,1050,604,7
4983,1050,605,12
4984,1050,606,14
4985,1050,607,8
4986,1050,608,4
4987,1050,609,6
4988,1050,610,2
4989,1050,611,5
4990,1050,612,8
4991,1050,613,5
4992,1050,614,4
4993,1050,615,6
4994,1050,616,6
4995,1050,617,8
4996,1050,618,6
4997,1050,619,4
4998,1050,620,5
4999,1050,621,7
5000,1050,622,7
5001,1050,623,3
5002,1050,624,6
5003,1050,625,4
5004,1050,626,2
5005,1050,627,5
5006,1050,628,4
5007,1050,629,13
5008,1050,630,123
5009,1050,631,16
5010,1050,632,4
5011,1050,633,2
5012,1050,634,5
5013,1050,635,6
5014,1050,636,5
5015,1050,637,4
5016,1050,638,4
5017,1050,639,6
5018,1050,640,5
5019,1050,641,3
5020,1050,642,3
5021,1050,643,6
5022,1050,644,5
5023,1050,645,3
5024,1050,646,4
5025,1050,647,6
5026,1050,648,1
5027,1050,649,4
5028,1050,650,6
5029,1050,651,4
5030,1050,652,3
5031,1050,653,6
5032,1050,654,5
5033,1050,655,7
5034,1050,656,4
5035,1050,657,6
5036,1050,658,5
5037,1050,659,5
5038,1050,660,2
5039,1050,661,4
5040,1050,662,5
5041,1050,663,8
5042,1050,664,2
5043,1050,665,4
5044,1050,666,6
5045,1050,667,7
5046,1050,668,6
5047,1050,669,7
5048,1050,670,6
5049,1050,671,7
5050,1050,672,5
5051,1050,673,2
5052,1050,674,7
5053,1050,675,45
5054,1050,676,8
5055,1050,677,11
5056,1050,678,11
5057,1050,679,5
5058,1050,680,10
5059,1050,681,9
5060,1050,682,6
5061,1050,683,7
5062,1050,684,11
5063,1050,685,9
5064,1050,686,6
5065,1050,687,13
5066,1050,688,4
5067,1050,689,7
5068,1050,690,12
5069,1050,691,32
5070,1050,692,8
5071,1050,693,10
5072,1050,694,11
5073,1050,695,30
5074,1050,696,9
5075,1050,697,25
5076,1050,698,24
5077,1050,699,65
5078,1050,700,3330
5079,1050,701,265
5080,1050,702,66
5081,1050,703,37
5082,1050,704,17
5083,1050,705,10
5084,1050,706,10
5085,1050,707,13
5086,1050,708,8
5087,1050,709,8
5088,1050,710,7
5089,1050,711,5
5090,1050,712,16
5091,1050,713,5
5092,1050,714,10
5093,1050,715,12
5094,1050,716,7
5095,1050,717,6
5096,1050,718,6
5097,1050,719,8
5098,1050,720,8
5099,1050,721,13
5100,1050,722,9
5101,1050,723,8
5102,1050,724,9
5103,1050,725,10
5104,1050,726,11
5105,1050,727,8
5106,1050,728,8
5107,1050,729,7
5108,1050,730,7
5109,1050,731,10
5110,1050,732,10
5111,1050,733,6
5112,1050,734,6
5113,1050,735,18
5114,1050,736,11
5115,1050,737,8
5116,1050,738,10
5117,1050,739,7
5118,1050,740,10
5119,1050,741,8
5120,1050,742,8
5121,1050,743,11
5122,1050,744,1
5123,1050,745,9
5124,1050,746,5
5125,1050,747,8
5126,1050,748,9
5127,1050,749,12
5128,1050,750,136
5129,1050,751,17
5130,1050,752,12
5131,1050,753,3
5132,1050,754,10
5133,1050,755,6
5134,1050,756,6
5135,1050,757,6
5136,1050,758,6
5137,1050,759,14
5138,1050,760,10
5139,1050,761,5
5140,1050,762,8
5141,1050,763,12
5142,1050,764,3
5143,1050,765,3
5144,1050,766,4
5145,1050,767,8
5146,1050,768,8
5147,1050,769,1
5148,1050,770,1
5149,1050,771,10
5150,1050,772,8
5151,1050,773,4
5152,1050,774,4
5153,1050,775,9
5154,1050,776,5
5155,1050,777,7
5156,1050,778,4
5157,1050,779,6
5158,1050,780,14
5159,1050,781,6
5160,1050,782,3
5161,1050,783,2
5162,1050,784,6
5163,1050,785,3
5164,1050,786,11
5165,1050,787,4
5166,1050,788,21
5167,1050,789,1
5168,1050,790,4
5169,1050,791,5
5170,1050,792,7
5171,1050,793,2
5172,1050,794,4
5173,1050,795,7
5174,1050,796,2
5175,1050,797,3
5176,1050,798,4
5177,1050,799,6
5178,1050,800,2
5179,1050,801,1
5180,1050,802,4
5181,1050,803,3
5182,1050,804,3
5183,1050,805,1
5184,1050,806,7
5185,1050,807,4
5186,1050,808,9
5187,1050,809,1
5188,1050,810,3
5189,1050,811,5
5190,1050,812,1
5191,1050,813,2
5192,1050,814,3
5193,1050,815,3
5194,1050,816,1
5195,1050,817,1
5196,1050,818,2
5197,1050,819,2
5198,1050,820,3
5199,1050,821,5
5200,1050,822,3
5201,1050,823,3
5202,1050,824,1
5203,1050,825,1
5204,1050,826,2
5205,1050,827,2
5206,1050,828,1
5207,1050,829,1
5208,1050,830,4
5209,1050,831,6
5210,1050,832,2
5211,1050,833,1
5212,1050,834,2
5213,1050,836,2
5214,1050,837,2
5215,1050,838,1
5216,1050,839,2
5217,1050,840,2
5218,1050,841,3
5219,1050,843,1
5220,1050,844,1
5221,1050,846,1
5222,1050,847,1
5223,1050,848,1
5224,1050,849,1
5225,1050,850,2
5226,1050,853,2
5227,1050,855,1
5228,1050,856,1
5229,1050,858,2
5230,1050,861,1
5231,1050,863,2
5232,1050,864,1
5233,1050,866,1
5234,1050,868,2
5235,1050,871,1
5236,1050,872,1
5237,1050,874,1
5238,1050,875,2
5239,1050,877,1
5240,1050,878,1
5241,1050,880,1
5242,1050,884,1
5243,1050,886,1
5244,1050,887,1
5245,1050,890,2
5246,1050,891,1
5247,1050,892,3
5248,1050,895,1
5249,1050,899,1
5250,1050,900,2
5251,1050,910,1
5252,1050,914,1
5253,1050,915,1
5254,1050,923,1
5255,1050,933,1
5256,1050,948,1
5257,1050,962,1
5258,1050,970,1
5259,1050,973,1
5260,1050,975,1
5261,1050,990,1
5262,1050,996,1
5263,1050,999,1
5264,1050,1012,1
5265,1050,1050,2
5266,1050,1178,1
5267,1050,1310,1
5268,1050,1379,1
5269,1050,1476,1
5270,1050,1572,1
5271,1050,1575,1
5272,1051,603,1
5273,1052,599,1
5274,1053,609,1
5275,1053,674,1
5276,1054,598,1
5277,1054,607,1
5278,1055,744,1
5279,1056,350,1
5280,1056,559,1
5281,1056,597,1
5282,1056,598,1
5283,1057,593,1
5284,1057,597,1
5285,1057,760,1
5286,1058,599,1
5287,1058,707,1
5288,1058,727,1
5289,1061,673,1
5290,1061,730,1
5291,1063,562,1
5292,1063,747,1
5293,1067,507,1
5294,1068,543,1
5295,1072,406,1
5296,1076,615,1
5297,1076,728,1
5298,1077,563,1
5299,1078,670,1
5300,1083,611,1
5301,1086,744,1
5302,1092,572,1
5303,1093,426,1
5304,1094,563,1
5305,1094,638,1
5306,1095,737,1
5307,1098,593,1
5308,1098,623,1
5309,1100,389,1
5310,1100,592,1
5311,1102,549,1
5312,1102,551,1
5313,1108,612,1
5314,1108,642,1
5315,1108,742,1
5316,1108,781,1
5317,1111,718,1
5318,1124,630,1
5319,1134,330,1
5320,1134,607,1
5321,1140,621,1
5322,1146,746,1
5323,1147,369,1
5324,1155,235,1
5325,1159,692,1
5326,1160,683,1
5327,1163,583,1
5328,1170,653,1
5329,1170,673,1
5330,1173,653,1
5331,1174,631,1
5332,1178,647,1
5333,1178,708,1
5334,1180,671,1
5335,1182,618,1
5336,1183,600,1
5337,1190,658,1
5338,1191,417,1
5339,1192,676,1
5340,1194,346,1
5341,1196,655,1
5342,1203,708,1
5343,1204,774,1
5344,1206,553,1
5345,1206,674,1
5346,1210,594,1
5347,1210,668,1
5348,1218,609,1
5349,1238,592,1
5350,1246,280,1
5351,1247,675,1
5352,1248,696,1
5353,1252,640,1
5354,1253,670,1
5355,1256,523,1
5356,1257,668,1
5357,1257,791,1
5358,1260,750,5
5359,1263,227,1
5360,1265,416,1
5361,1272,586,1
5362,1272,820,1
5363,1274,466,1
5364,1277,644,1
5365,1294,477,1
5366,1297,296,1
5367,1302,685,1
5368,1312,710,1
5369,1324,427,1
5370,1324,563,1
5371,1331,233,1
5372,1333,187,1
5373,1333,414,1
5374,1340,318,1
5375,1344,248,1
5376,1347,292,1
5377,1348,276,1
5378,1348,302,1
5379,1348,327,1
5380,1348,332,1
5381,1348,343,1
5382,1348,421,1
5383,1348,435,1
5384,1348,667,1
5385,1349,190,1
5386,1350,250,1
5387,1350,293,1
5388,1350,438,1
5389,1350,658,1
5390,1354,615,1
5391,1356,269,1
5392,1358,391,1
5393,1366,477,1
5394,1369,700,1
5395,1372,439,1
5396,1374,457,1
5397,1382,558,1
5398,1384,659,1
5399,1390,495,1
5400,1397,273,1
5401,1400,601,1
5402,1400,602,1
5403,1402,584,1
5404,1407,485,1
5405,1418,675,1
5406,1423,657,1
5407,1432,696,1
5408,1434,678,1
5409,1436,287,1
5410,1442,715,1
5411,1444,701,1
5412,1446,662,1
5413,1447,353,1
5414,1447,818,1
5415,1450,649,1
5416,1452,723,1
5417,1454,701,1
5418,1456,336,1
5419,1484,650,1
5420,1497,613,1
5421,1500,680,1
5422,1500,710,1
5423,1500,735,6
5424,1500,750,2
5425,1504,264,1
5426,1504,698,1
5427,1505,555,1
5428,1516,493,1
5429,1520,685,1
5430,1525,711,1
5431,1526,633,1
5432,1536,317,1
5433,1536,357,1
5434,1543,628,1
5435,1552,695,1
5436,1553,288,1
5437,1553,727,1
5438,1557,723,1
5439,1570,736,1
5440,1585,383,1
5441,1595,671,1
5442,1600,732,1
5443,1608,708,1
5444,1621,700,2
5445,1629,419,1
5446,1641,187,1
5447,1646,634,1
5448,1654,289,1
5449,1663,737,1
5450,1665,396,1
5451,1666,534,1
5452,1673,414,1
5453,1674,663,1
5454,1683,700,1
5455,1693,616,1
5456,1695,702,1
5457,1697,648,1
5458,1713,322,1
5459,1719,322,1
5460,1719,364,1
5461,1726,600,1
5462,1726,700,1
5463,1736,623,1
5464,1748,754,1
5465,1752,297,1
5466,1756,208,1
5467,1764,836,1
5468,1774,561,1
5469,1775,264,1
5470,1785,438,1
5471,1789,668,1
5472,1800,700,88
5473,1808,732,1
5474,1809,316,1
5475,1809,417,1
5476,1813,608,1
5477,1814,359,1
5478,1833,644,1
5479,1838,263,1
5480,1859,696,1
5481,1883,757,1
5482,1890,353,1
5483,1900,654,1
5484,1915,269,1
5485,1923,372,1
5486,1923,537,1
5487,1926,544,1
5488,1972,682,1
5489,1974,743,1
5490,1986,450,1
5491,1991,309,1
5492,2001,331,1
5493,2003,349,1
5494,2004,731,1
5495,2013,400,1
5496,2017,690,1
5497,2020,741,1
5498,2032,648,1
5499,2050,732,1
5500,2060,607,1
5501,2072,661,1
5502,2082,326,1
5503,2091,588,1
5504,2102,267,1
5505,2104,738,1
5506,2115,566,1
5507,2115,596,3
5508,2115,603,1
5509,2116,661,1
5510,2120,594,2
5511,2132,389,1
5512,2140,668,1
5513,2150,747,1
5514,2153,700,1
5515,2155,587,1
5516,2160,700,1
5517,2189,674,1
5518,2200,732,1
5519,2232,700,1
5520,2235,390,1
5521,2245,209,1
5522,2253,638,1
5523,2253,740,1
5524,2267,546,1
5525,2269,331,1
5526,2270,809,1
5527,2283,511,1
5528,2287,464,1
5529,2290,657,1
5530,2295,773,1
5531,2296,410,1
5532,2310,269,1
5533,2346,486,1
5534,2363,253,1
5535,2363,718,1
5536,2383,696,2
5537,2387,520,1
5538,2390,622,1
5539,2405,692,1
5540,2436,300,1
5541,2450,741,1
5542,2460,450,1
5543,2468,696,1
5544,2469,312,1
5545,2472,479,1
5546,2478,391,1
5547,2495,640,1
5548,2496,263,1
5549,2528,382,1
5550,2540,315,1
5551,2589,640,1
5552,2600,872,1
5553,2610,483,1
5554,2618,304,1
5555,2639,384,1
5556,2644,268,1
5557,2650,666,1
5558,2665,727,1
5559,2670,781,1
5560,2688,530,1
5561,2690,632,1
5562,2691,611,1
5563,2692,557,1
5564,2697,525,1
5565,2697,528,1
5566,2700,522,1
5567,2700,523,1
5568,2700,524,1
5569,2700,525,15
5570,2700,526,6
5571,2700,527,1
5572,2700,528,3
5573,2700,529,1
5574,2745,502,1
5575,2751,384,1
5576,2780,614,1
5577,2783,510,1
5578,2795,536,1
5579,2823,246,1
5580,2825,717,1
5581,2833,293,1
5582,2858,632,1
5583,2933,722,1
5584,2935,646,1
5585,2970,693,2
5586,2985,740,1
5587,3008,698,2
5588,3010,684,1
5589,3010,747,1
5590,3080,515,1
5591,3080,668,1
5592,3086,718,1
5593,3090,770,1
5594,3115,735,1
5595,3115,753,1
5596,3150,812,1
5597,3155,716,1
5598,3161,751,1
5599,3163,721,1
5600,3166,488,1
5601,3187,318,1
5602,3210,679,1
5603,3240,872,1
5604,3355,681,1
5605,3355,720,1
5606,3390,743,1
5607,3412,747,1
5608,3456,700,3
5609,3501,264,1
5610,3501,700,1
5611,3610,654,1
5612,3621,561,1
5613,3625,629,1
5614,3630,606,1
5615,3729,700,1
5616,3760,572,1
5617,3780,656,1
5618,3819,479,1
5619,3865,542,1
5620,3870,559,1
5621,4020,682,1
5622,4170,781,1
5623,4210,646,1
5624,4300,715,1
5625,4410,750,1
5626,4430,685,1
5627,4565,590,1
5628,4570,694,1
5629,5170,656,1
5630,5250,564,1
5631,5450,690,1
5632,5640,663,1
5633,5959,695,17
